Id,Position,First Name,Nickname,Last Name,FPPG,Played,Salary,Game,Team,Opponent,Injury Indicator,Injury Details,Tier,,,Roster Position
119110-85701,WR,Ja'Marr,Ja'Marr Chase,Chase,20.85294118,17,9200,CIN@CLE,CIN,CLE,,,,,,WR/FLEX
119110-136855,RB,Bijan,Bijan Robinson,Robinson,19.18823601,17,8800,TB@ATL,ATL,TB,,,,,,RB/FLEX
119110-129368,RB,Jahmyr,Jahmyr Gibbs,Gibbs,21.52222188,18,8700,DET@GB,DET,GB,,,,,,RB/FLEX
119110-102785,QB,Jayden,Jayden Daniels,Daniels,22.21000061,20,8500,NYG@WAS,WAS,NYG,,,,,,QB
119110-86997,WR,Amon-Ra,Amon-Ra St. Brown,St. Brown,16.18777805,18,8400,DET@GB,DET,GB,,,,,,WR/FLEX
119110-89675,RB,Jonathan,Jonathan Taylor,Taylor,18.55000087,14,8300,MIA@IND,IND,MIA,,,,,,RB/FLEX
119110-138820,RB,De'Von,De'Von Achane,Achane,15.69999964,17,8200,MIA@IND,MIA,IND,Q,Calf,,,,RB/FLEX
119110-103020,WR,Puka,Puka Nacua,Nacua,15.5692303,13,8100,HOU@LAR,LAR,HOU,,,,,,WR/FLEX
119110-55050,RB,Christian,Christian McCaffrey,McCaffrey,10.07499981,4,8100,SF@SEA,SF,SEA,,,,,,RB/FLEX
119110-63336,QB,Joe,Joe Burrow,Burrow,23.69529455,17,8000,CIN@CLE,CIN,CLE,,,,,,QB
119110-91419,WR,Nico,Nico Collins,Collins,15.99285671,14,7900,HOU@LAR,HOU,LAR,,,,,,WR/FLEX
119110-41535,QB,Baker,Baker Mayfield,Mayfield,23.08333333,18,7900,TB@ATL,TB,ATL,,,,,,QB
119110-72731,RB,Josh,Josh Jacobs,Jacobs,16.8722229,18,7800,DET@GB,GB,DET,,,,,,RB/FLEX
119110-151761,WR,Malik,Malik Nabers,Nabers,15.20666707,15,7800,NYG@WAS,NYG,WAS,Q,Toe,,,,WR/FLEX
119110-38435,QB,Jared,Jared Goff,Goff,20.50999959,18,7800,DET@GB,DET,GB,,,,,,QB
119110-152664,RB,Bucky,Bucky Irving,Irving,13.62222205,18,7700,TB@ATL,TB,ATL,,,,,,RB/FLEX
119110-151745,WR,Brian,Brian Thomas Jr.,Thomas Jr.,14.85294118,17,7700,CAR@JAC,JAC,CAR,,,,,,WR/FLEX
119110-63484,QB,Kyler,Kyler Murray,Murray,18.48470531,17,7700,ARI@NO,ARI,NO,,,,,,QB
119110-69017,QB,Jordan,Jordan Love,Love,15.89624977,16,7600,DET@GB,GB,DET,Q,Thumb,,,,QB
119110-53681,WR,Tyreek,Tyreek Hill,Hill,10.98235276,17,7600,MIA@IND,MIA,IND,Q,Oblique,,,,WR/FLEX
119110-63589,QB,Sam,Sam Darnold,Darnold,18.98111131,18,7500,SF@SEA,SEA,SF,,,,,,QB
119110-32384,WR,Mike,Mike Evans,Evans,15.20666707,15,7500,TB@ATL,TB,ATL,,,,,,WR/FLEX
119110-40687,RB,James,James Conner,Conner,15.51875019,16,7500,ARI@NO,ARI,NO,,,,,,RB/FLEX
119110-52442,RB,Joe,Joe Mixon,Mixon,17.49374962,16,7400,HOU@LAR,HOU,LAR,O,Foot,,,,RB/FLEX
119110-102965,QB,Bo,Bo Nix,Nix,19.3755561,18,7400,TEN@DEN,DEN,TEN,,,,,,QB
119110-90572,QB,Tua,Tua Tagovailoa,Tagovailoa,18.23454562,11,7300,MIA@IND,MIA,IND,,,,,,QB
119110-56250,WR,Terry,Terry McLaurin,McLaurin,14.475,20,7300,NYG@WAS,WAS,NYG,,,,,,WR/FLEX
119110-104433,RB,Kyren,Kyren Williams,Williams,16.43333266,18,7300,HOU@LAR,LAR,HOU,,,,,,RB/FLEX
119110-129458,WR,Jaxon,Jaxon Smith-Njigba,Smith-Njigba,12.47058824,17,7200,SF@SEA,SEA,SF,,,,,,WR/FLEX
119110-129471,QB,C.J.,C.J. Stroud,Stroud,14.2557887,19,7200,HOU@LAR,HOU,LAR,,,,,,QB
119110-91591,QB,Justin,Justin Fields,Fields,11.1945454,11,7200,PIT@NYJ,NYJ,PIT,,,,,,QB
119110-42104,RB,Alvin,Alvin Kamara,Kamara,17.16428593,14,7100,ARI@NO,NO,ARI,,,,,,RB/FLEX
119110-168356,QB,Cam,Cam Ward,Ward,,0,7100,TEN@DEN,TEN,DEN,,,,,,QB
119110-6654,QB,Matthew,Matthew Stafford,Stafford,14.84999932,18,7100,HOU@LAR,LAR,HOU,Q,Back,,,,QB
119110-89981,WR,Tee,Tee Higgins,Higgins,15.96666718,12,7100,CIN@CLE,CIN,CLE,,,,,,WR/FLEX
119110-112745,WR,Drake,Drake London,London,14.10588253,17,7000,TB@ATL,ATL,TB,,,,,,WR/FLEX
119110-151794,TE,Brock,Brock Bowers,Bowers,12.51176453,17,7000,LV@NE,LV,NE,,,,,,TE/FLEX
119110-103064,RB,Breece,Breece Hall,Hall,13.64999962,16,7000,PIT@NYJ,NYJ,PIT,,,,,,RB/FLEX
119110-89951,QB,Trevor,Trevor Lawrence,Lawrence,15.81999969,10,7000,CAR@JAC,JAC,CAR,,,,,,QB
119110-26483,QB,Geno,Geno Smith,Smith,17.41176471,17,7000,LV@NE,LV,NE,,,,,,QB
119110-63519,QB,Daniel,Daniel Jones,Jones,14.23000031,10,6900,MIA@IND,IND,MIA,,,,,,QB
119110-129315,QB,Anthony,Anthony Richardson Sr.,Richardson Sr.,15.89636369,11,6900,MIA@IND,IND,MIA,,,,,,QB
119110-89493,RB,Chase,Chase Brown,Brown,14.4375,16,6900,CIN@CLE,CIN,CLE,,,,,,RB/FLEX
119110-85607,QB,Brock,Brock Purdy,Purdy,18.36624908,16,6900,SF@SEA,SF,SEA,,,,,,QB
119110-45889,WR,Davante,Davante Adams,Adams,14.84285736,14,6900,HOU@LAR,LAR,HOU,,,,,,WR/FLEX
119110-73048,WR,DK,DK Metcalf,Metcalf,11.14666646,15,6800,PIT@NYJ,PIT,NYJ,,,,,,WR/FLEX
119110-6894,QB,Aaron,Aaron Rodgers,Rodgers,15.9164698,17,6800,PIT@NYJ,PIT,NYJ,,,,,,QB
119110-119606,QB,Bryce,Bryce Young,Young,14.57285745,14,6800,CAR@JAC,CAR,JAC,,,,,,QB
119110-57403,WR,Courtland,Courtland Sutton,Sutton,12.87058841,17,6700,TEN@DEN,DEN,TEN,,,,,,WR/FLEX
119110-22015,QB,Russell,Russell Wilson,Wilson,16.68166606,12,6700,NYG@WAS,NYG,WAS,,,,,,QB
119110-88797,QB,Michael,Michael Penix Jr.,Penix Jr.,10.01999969,5,6700,TB@ATL,ATL,TB,,,,,,QB
119110-103342,RB,Kenneth,Kenneth Walker III,Walker III,14.65454518,11,6700,SF@SEA,SEA,SF,,,,,,RB/FLEX
119110-6714,QB,Joe,Joe Flacco,Flacco,14.00500011,8,6600,CIN@CLE,CLE,CIN,,,,,,QB
119110-152316,QB,Drake,Drake Maye,Maye,14.39538457,13,6600,LV@NE,NE,LV,,,,,,QB
119110-103564,WR,Garrett,Garrett Wilson,Wilson,12.55294082,17,6500,PIT@NYJ,NYJ,PIT,,,,,,WR/FLEX
119110-88431,QB,Tyler,Tyler Shough,Shough,,0,6500,ARI@NO,NO,ARI,,,,,,QB
119110-87467,RB,Chuba,Chuba Hubbard,Hubbard,15.47333374,15,6500,CAR@JAC,CAR,JAC,,,,,,RB/FLEX
119110-86793,QB,Jake,Jake Haener,Haener,1.779999971,8,6500,ARI@NO,NO,ARI,,,,,,QB
119110-39793,TE,George,George Kittle,Kittle,13.97333374,15,6500,SF@SEA,SF,SEA,,,,,,TE/FLEX
119110-111557,QB,Spencer,Spencer Rattler,Rattler,10.32571411,7,6500,ARI@NO,NO,ARI,,,,,,QB
119110-152651,WR,Marvin,Marvin Harrison Jr.,Harrison Jr.,10.08823529,17,6400,ARI@NO,ARI,NO,,,,,,WR/FLEX
119110-167031,RB,Ashton,Ashton Jeanty,Jeanty,,0,6400,LV@NE,LV,NE,,,,,,RB/FLEX
119110-90562,RB,Brian,Brian Robinson Jr.,Robinson Jr.,11.05294082,17,6300,NYG@WAS,WAS,NYG,,,,,,RB/FLEX
119110-91750,TE,Trey,Trey McBride,McBride,12.70625019,16,6300,ARI@NO,ARI,NO,,,,,,TE/FLEX
119110-56018,WR,Deebo,Deebo Samuel Sr.,Samuel Sr.,9.578571865,14,6300,NYG@WAS,WAS,NYG,,,,,,WR/FLEX
119110-63634,WR,Jakobi,Jakobi Meyers,Meyers,12.23333333,15,6200,LV@NE,LV,NE,,,,,,WR/FLEX
119110-90561,WR,Jerry,Jerry Jeudy,Jeudy,12.05294082,17,6200,CIN@CLE,CLE,CIN,,,,,,WR/FLEX
119110-73273,RB,David,David Montgomery,Montgomery,14.02133382,15,6200,DET@GB,DET,GB,,,,,,RB/FLEX
119110-79970,WR,Cooper,Cooper Kupp,Kupp,11.60714286,14,6100,SF@SEA,SEA,SF,,,,,,WR/FLEX
119110-25079,WR,Stefon,Stefon Diggs,Diggs,12.30249977,8,6100,LV@NE,NE,LV,Q,Knee - acl,,,,WR/FLEX
119110-89956,RB,Travis,Travis Etienne Jr.,Etienne Jr.,7.379999797,15,6100,CAR@JAC,JAC,CAR,,,,,,RB/FLEX
119110-111631,WR,Jameson,Jameson Williams,Williams,12.85624981,16,6000,DET@GB,DET,GB,,,,,,WR/FLEX
119110-14377,QB,Tyrod,Tyrod Taylor,Taylor,10.02999973,2,6000,PIT@NYJ,NYJ,PIT,Q,Knee,,,,QB
119110-86081,QB,Emory,Emory Jones,Jones,,0,6000,TB@ATL,ATL,TB,IR,Concussion,,,,QB
119110-61593,WR,Jauan,Jauan Jennings,Jennings,11.66666667,15,6000,SF@SEA,SF,SEA,Q,Calf,,,,WR/FLEX
119110-103591,QB,Graham,Graham Mertz,Mertz,,0,6000,HOU@LAR,HOU,LAR,,,,,,QB
119110-160938,QB,Quinn,Quinn Ewers,Ewers,,0,6000,MIA@IND,MIA,IND,,,,,,QB
119110-86200,QB,Sean,Sean Clifford,Clifford,0.319999993,4,6000,DET@GB,GB,DET,,,,,,QB
119110-93382,QB,Aidan,Aidan O'Connell,O'Connell,11.16444482,9,6000,LV@NE,LV,NE,,,,,,QB
119110-152787,QB,Seth,Seth Henigan,Henigan,,0,6000,CAR@JAC,JAC,CAR,,,,,,QB
119110-86243,QB,Will,Will Levis,Levis,10.9950002,12,6000,TEN@DEN,TEN,DEN,IR,Shoulder,,,,QB
119110-93428,QB,Jack,Jack Plummer,Plummer,,0,6000,CAR@JAC,CAR,JAC,,,,,,QB
119110-86278,QB,Desmond,Desmond Ridder,Ridder,4.784000015,5,6000,CIN@CLE,CIN,CLE,,,,,,QB
119110-63759,RB,Tony,Tony Pollard,Pollard,11.82499981,16,6000,TEN@DEN,TEN,DEN,,,,,,RB/FLEX
119110-24849,QB,Jameis,Jameis Winston,Winston,13.83090904,11,6000,NYG@WAS,NYG,WAS,,,,,,QB
119110-103698,QB,Dillon,Dillon Gabriel,Gabriel,,0,6000,CIN@CLE,CLE,CIN,,,,,,QB
119110-90406,QB,Zach,Zach Wilson,Wilson,0,1,6000,MIA@IND,MIA,IND,,,,,,QB
119110-120105,QB,Will,Will Howard,Howard,,0,6000,PIT@NYJ,PIT,NYJ,Q,Hand,,,,QB
119110-185640,QB,Dresser,Dresser Winn,Winn,0,1,6000,HOU@LAR,LAR,HOU,,,,,,QB
119110-54604,QB,Jimmy,Jimmy Garoppolo,Garoppolo,11.93000031,2,6000,HOU@LAR,LAR,HOU,,,,,,QB
119110-92560,QB,Sam,Sam Ehlinger,Ehlinger,0,1,6000,TEN@DEN,DEN,TEN,,,,,,QB
119110-103824,QB,Easton,Easton Stick,Stick,9.794285366,7,6000,TB@ATL,ATL,TB,,,,,,QB
119110-151966,QB,Jaxson,Jaxson Dart,Dart,,0,6000,NYG@WAS,NYG,WAS,,,,,,QB
119110-60840,QB,Jake,Jake Browning,Browning,-0.100000001,2,6000,CIN@CLE,CIN,CLE,,,,,,QB
119110-110000,QB,Connor,Connor Bazelak,Bazelak,,0,6000,TB@ATL,TB,ATL,,,,,,QB
119110-91583,QB,Stetson,Stetson Bennett IV,Bennett IV,0,1,6000,HOU@LAR,LAR,HOU,,,,,,QB
119110-31170,QB,Brandon,Brandon Allen,Allen,2.786666552,3,6000,TEN@DEN,TEN,DEN,,,,,,QB
119110-40407,QB,Joshua,Joshua Dobbs,Dobbs,11.94666672,3,6000,LV@NE,NE,LV,,,,,,QB
119110-90584,QB,Mac,Mac Jones,Jones,10.40800018,10,6000,SF@SEA,SF,SEA,Q,Knee,,,,QB
119110-53729,QB,Mason,Mason Rudolph,Rudolph,11.64444478,9,6000,PIT@NYJ,PIT,NYJ,,,,,,QB
119110-129506,QB,Michael,Michael Pratt,Pratt,,0,6000,TB@ATL,TB,ATL,Q,Back,,,,QB
119110-60947,QB,Jarrett,Jarrett Stidham,Stidham,0.166666667,3,6000,TEN@DEN,DEN,TEN,,,,,,QB
119110-102933,QB,Kedon,Kedon Slovis,Slovis,,0,6000,HOU@LAR,HOU,LAR,,,,,,QB
119110-22038,QB,Kirk,Kirk Cousins,Cousins,14.38000052,14,6000,TB@ATL,ATL,TB,,,,,,QB
119110-30231,QB,Jacoby,Jacoby Brissett,Brissett,5.78000021,8,6000,ARI@NO,ARI,NO,,,,,,QB
119110-89628,QB,Davis,Davis Mills,Mills,1.596666654,6,6000,HOU@LAR,HOU,LAR,,,,,,QB
119110-94748,QB,Tommy,Tommy DeVito,DeVito,6.739999771,2,6000,NYG@WAS,NYG,WAS,,,,,,QB
119110-40482,QB,Tim,Tim Boyle,Boyle,3.734999895,4,6000,TEN@DEN,TEN,DEN,,,,,,QB
119110-87594,QB,Sam,Sam Hartman,Hartman,,0,6000,NYG@WAS,WAS,NYG,,,,,,QB
119110-64051,QB,Drew,Drew Lock,Lock,12.59142848,7,6000,SF@SEA,SEA,SF,,,,,,QB
119110-112191,QB,John Rhys,John Rhys Plumlee,Plumlee,,0,6000,SF@SEA,SEA,SF,,,,,,QB
119110-226877,QB,Taylor,Taylor Elgersma,Elgersma,,0,6000,DET@GB,GB,DET,,,,,,QB
119110-208467,QB,Cam,Cam Miller,Miller,,0,6000,LV@NE,LV,NE,,,,,,QB
119110-41562,QB,Nick,Nick Mullens,Mullens,0.330000013,4,6000,CAR@JAC,JAC,CAR,,,,,,QB
119110-54879,QB,Deshaun,Deshaun Watson,Watson,11.3885716,7,6000,CIN@CLE,CLE,CIN,NA,Achilles,,,,QB
119110-86641,QB,Tanner,Tanner Mordecai,Mordecai,,0,6000,SF@SEA,SF,SEA,,,,,,QB
119110-87691,QB,Malik,Malik Willis,Willis,7.399999891,7,6000,DET@GB,GB,DET,,,,,,QB
119110-29358,QB,Marcus,Marcus Mariota,Mariota,7.643333435,6,6000,NYG@WAS,WAS,NYG,Q,Lower leg,,,,QB
119110-69294,QB,Skylar,Skylar Thompson,Thompson,2.626666705,3,6000,PIT@NYJ,PIT,NYJ,,,,,,QB
119110-69304,QB,Kyle,Kyle Trask,Trask,-0.050000001,4,6000,TB@ATL,TB,ATL,,,,,,QB
119110-90813,QB,Clayton,Clayton Tune,Tune,-0.346666654,6,6000,ARI@NO,ARI,NO,,,,,,QB
119110-114378,QB,Payton,Payton Thorne,Thorne,,0,6000,CIN@CLE,CIN,CLE,,,,,,QB
119110-104262,QB,Brett,Brett Gabbert,Gabbert,,0,6000,MIA@IND,MIA,IND,,,,,,QB
119110-91977,QB,Ben,Ben Wooldridge,Wooldridge,,0,6000,LV@NE,NE,LV,,,,,,QB
119110-154450,QB,Riley,Riley Leonard,Leonard,,0,6000,MIA@IND,IND,MIA,,,,,,QB
119110-8023,QB,Josh,Josh Johnson,Johnson,0.194999993,4,6000,NYG@WAS,WAS,NYG,,,,,,QB
119110-119641,QB,Brady,Brady Cook,Cook,,0,6000,PIT@NYJ,NYJ,PIT,,,,,,QB
119110-154462,QB,Jalen,Jalen Milroe,Milroe,,0,6000,SF@SEA,SEA,SF,,,,,,QB
119110-90981,QB,Adrian,Adrian Martinez,Martinez,,0,6000,PIT@NYJ,NYJ,PIT,,,,,,QB
119110-53095,QB,Kyle,Kyle Allen,Allen,0.379999995,2,6000,DET@GB,DET,GB,,,,,,QB
119110-88937,QB,Carter,Carter Bradley,Bradley,,0,6000,SF@SEA,SF,SEA,,,,,,QB
119110-104306,QB,Kurtis,Kurtis Rourke,Rourke,,0,6000,SF@SEA,SF,SEA,O,Knee,,,,QB
119110-92020,QB,Kenny,Kenny Pickett,Pickett,3.634285791,7,6000,CIN@CLE,CLE,CIN,Q,Hamstring,,,,QB
119110-184183,QB,Shedeur,Shedeur Sanders,Sanders,,0,6000,CIN@CLE,CLE,CIN,,,,,,QB
119110-56192,QB,John,John Wolford,Wolford,0,1,6000,CAR@JAC,JAC,CAR,,,,,,QB
119110-14225,QB,Andy,Andy Dalton,Dalton,9.708571298,7,6000,CAR@JAC,CAR,JAC,Q,Elbow,,,,QB
119110-85983,QB,Hendon,Hendon Hooker,Hooker,0.670000017,4,6000,DET@GB,DET,GB,,,,,,QB
119110-92133,QB,Jason,Jason Bean,Bean,,0,6000,MIA@IND,IND,MIA,,,,,,QB
119110-86153,RB,Tyrone,Tyrone Tracy Jr.,Tracy Jr.,10.1352943,17,5900,NYG@WAS,NYG,WAS,,,,,,RB/FLEX
119110-105646,TE,Sam,Sam LaPorta,LaPorta,9.511764526,17,5900,DET@GB,DET,GB,,,,,,TE/FLEX
119110-69213,WR,Michael,Michael Pittman Jr.,Pittman Jr.,8.581250191,16,5900,MIA@IND,IND,MIA,,,,,,WR/FLEX
119110-87770,WR,Chris,Chris Olave,Olave,7.962500095,8,5900,ARI@NO,NO,ARI,,,,,,WR/FLEX
119110-69777,WR,Darnell,Darnell Mooney,Mooney,10.44999981,16,5800,TB@ATL,ATL,TB,Q,Shoulder,,,,WR/FLEX
119110-89455,WR,Jayden,Jayden Reed,Reed,10.28333367,18,5800,DET@GB,GB,DET,Q,Foot,,,,WR/FLEX
119110-90533,RB,Jerome,Jerome Ford,Ford,8.25,14,5800,CIN@CLE,CLE,CIN,,,,,,RB/FLEX
119110-55335,TE,David,David Njoku,Njoku,10.59090909,11,5700,CIN@CLE,CLE,CIN,,,,,,TE/FLEX
119110-64555,WR,Calvin,Calvin Ridley,Ridley,10.01176453,17,5700,TEN@DEN,TEN,DEN,Q,General soreness,,,,WR/FLEX
119110-87787,RB,J.K.,J.K. Dobbins,Dobbins,13.17142814,14,5700,TEN@DEN,DEN,TEN,,,,,,RB/FLEX
119110-184184,WR,Travis,Travis Hunter,Hunter,,0,5700,CAR@JAC,JAC,CAR,Q,Upper body,,,,WR/FLEX
119110-110484,RB,RJ,RJ Harvey,Harvey,,0,5700,TEN@DEN,DEN,TEN,,,,,,RB/FLEX
119110-170287,WR,Rashid,Rashid Shaheed,Shaheed,11.63333384,6,5600,ARI@NO,NO,ARI,,,,,,WR/FLEX
119110-167620,WR,Tetairoa,Tetairoa McMillan,McMillan,,0,5600,CAR@JAC,CAR,JAC,Q,Hamstring,,,,WR/FLEX
119110-107293,RB,Tyjae,Tyjae Spears,Spears,7.584615267,13,5600,TEN@DEN,TEN,DEN,Q,Ankle,,,,RB/FLEX
119110-111540,RB,Rhamondre,Rhamondre Stevenson,Stevenson,10.82666626,15,5600,LV@NE,NE,LV,Q,Undisclosed,,,,RB/FLEX
119110-112057,RB,Jaylen,Jaylen Warren,Warren,6.849999905,16,5500,PIT@NYJ,PIT,NYJ,,,,,,RB/FLEX
119110-90573,WR,Jaylen,Jaylen Waddle,Waddle,8.439999898,15,5500,MIA@IND,MIA,IND,,,,,,WR/FLEX
119110-39716,WR,Adam,Adam Thielen,Thielen,12.15,10,5500,CAR@JAC,CAR,JAC,,,,,,WR/FLEX
119110-168916,RB,Kaleb,Kaleb Johnson,Johnson,,0,5500,PIT@NYJ,PIT,NYJ,,,,,,RB/FLEX
119110-166916,WR,Matthew,Matthew Golden,Golden,,0,5400,DET@GB,GB,DET,,,,,,WR/FLEX
119110-120093,WR,Marvin,Marvin Mims Jr.,Mims Jr.,6.572222392,18,5400,TEN@DEN,DEN,TEN,,,,,,WR/FLEX
119110-53562,RB,Nick,Nick Chubb,Chubb,7.599999905,8,5400,HOU@LAR,HOU,LAR,,,,,,RB/FLEX
119110-48116,TE,Jonnu,Jonnu Smith,Smith,10.84117665,17,5400,PIT@NYJ,PIT,NYJ,Q,Knee,,,,TE/FLEX
119110-120042,WR,Jalen,Jalen McMillan,McMillan,8.714285714,14,5300,TB@ATL,TB,ATL,D,Neck,,,,WR/FLEX
119110-102796,WR,Ricky,Ricky Pearsall,Pearsall,7.363636364,11,5300,SF@SEA,SF,SEA,,,,,,WR/FLEX
119110-72297,RB,Rico,Rico Dowdle,Dowdle,11.89375019,16,5300,CAR@JAC,CAR,JAC,,,,,,RB/FLEX
119110-128693,RB,Tank,Tank Bigsby,Bigsby,8.766666667,15,5300,CAR@JAC,JAC,CAR,,,,,,RB/FLEX
119110-41872,TE,Evan,Evan Engram,Engram,7.666666667,9,5300,TEN@DEN,DEN,TEN,,,,,,TE/FLEX
119110-86080,TE,Kyle,Kyle Pitts Sr.,Pitts Sr.,6.335293938,17,5200,TB@ATL,ATL,TB,,,,,,TE/FLEX
119110-80001,RB,Austin,Austin Ekeler,Ekeler,9.07333374,15,5200,NYG@WAS,WAS,NYG,,,,,,RB/FLEX
119110-94370,WR,Romeo,Romeo Doubs,Doubs,7.957142966,14,5200,DET@GB,GB,DET,,,,,,WR/FLEX
119110-129305,WR,Josh,Josh Downs,Downs,10.75,14,5200,MIA@IND,IND,MIA,Q,Hamstring,,,,WR/FLEX
119110-60858,WR,Christian,Christian Kirk,Kirk,7.175000191,8,5200,HOU@LAR,HOU,LAR,,,,,,WR/FLEX
119110-160303,TE,Tucker,Tucker Kraft,Kraft,8.022221883,18,5200,DET@GB,GB,DET,,,,,,TE/FLEX
119110-29780,TE,Zach,Zach Ertz,Ertz,8.894999695,20,5100,NYG@WAS,WAS,NYG,,,,,,TE/FLEX
119110-103539,WR,Wan'Dale,Wan'Dale Robinson,Robinson,8.011764526,17,5100,NYG@WAS,NYG,WAS,,,,,,WR/FLEX
119110-86312,WR,Alec,Alec Pierce,Pierce,9.493749619,16,5100,MIA@IND,IND,MIA,,,,,,WR/FLEX
119110-137530,TE,Tyler,Tyler Warren,Warren,,0,5100,MIA@IND,IND,MIA,,,,,,TE/FLEX
119110-137902,RB,Rachaad,Rachaad White,White,11.03750038,16,5100,TB@ATL,TB,ATL,Q,Groin,,,,RB/FLEX
119110-158412,RB,Braelon,Braelon Allen,Allen,4.452940997,17,5100,PIT@NYJ,NYJ,PIT,,,,,,RB/FLEX
119110-90870,WR,Calvin,Calvin Austin III,Austin III,5.766666836,18,5100,PIT@NYJ,PIT,NYJ,Q,Abdomen,,,,WR/FLEX
119110-56248,WR,Noah,Noah Brown,Brown,6.254545732,11,5100,NYG@WAS,WAS,NYG,Q,Undisclosed,,,,WR/FLEX
119110-28744,RB,Raheem,Raheem Mostert,Mostert,4.72307704,13,5000,LV@NE,LV,NE,,,,,,RB/FLEX
119110-152655,WR,Emeka,Emeka Egbuka,Egbuka,,0,5000,TB@ATL,TB,ATL,,,,,,WR/FLEX
119110-103587,TE,Brenton,Brenton Strange,Strange,5.07857132,14,5000,CAR@JAC,JAC,CAR,,,,,,TE/FLEX
119110-103619,WR,Tre,Tre Tucker,Tucker,6.223529591,17,5000,LV@NE,LV,NE,,,,,,WR/FLEX
119110-86244,TE,Pat,Pat Freiermuth,Freiermuth,7.711111281,18,5000,PIT@NYJ,PIT,NYJ,,,,,,TE/FLEX
119110-90428,RB,Tyler,Tyler Allgeier,Allgeier,6.041176291,17,5000,TB@ATL,ATL,TB,,,,,,RB/FLEX
119110-27050,WR,Tyler,Tyler Lockett,Lockett,5.676470588,17,5000,TEN@DEN,TEN,DEN,,,,,,WR/FLEX
119110-169410,RB,Quinshon,Quinshon Judkins,Judkins,,0,5000,CIN@CLE,CLE,CIN,,,,,,RB/FLEX
119110-45565,TE,Taysom,Taysom Hill,Hill,11.85499954,8,5000,ARI@NO,NO,ARI,NA,Knee - acl,,,,TE/FLEX
119110-89612,WR,Michael,Michael Wilson,Wilson,6.3125,16,5000,ARI@NO,ARI,NO,,,,,,WR/FLEX
119110-47870,TE,Tyler,Tyler Higbee,Higbee,9.159999847,5,5000,HOU@LAR,LAR,HOU,,,,,,TE/FLEX
119110-86811,TE,Cade,Cade Otton,Otton,7.88666687,15,5000,TB@ATL,TB,ATL,,,,,,TE/FLEX
119110-169776,WR,Christian,Christian Watson,Watson,6.914285932,14,5000,DET@GB,GB,DET,NA,Knee - acl,,,,WR/FLEX
119110-40845,TE,Hunter,Hunter Henry,Henry,7.212500095,16,5000,LV@NE,NE,LV,,,,,,TE/FLEX
119110-72776,RB,Alexander,Alexander Mattison,Mattison,7.960000102,15,4900,MIA@IND,MIA,IND,IR,Neck,,,,RB/FLEX
119110-88297,TE,Chig,Chig Okonkwo,Okonkwo,5.474999905,16,4900,TEN@DEN,TEN,DEN,,,,,,TE/FLEX
119110-185593,WR,Andrei,Andrei Iosivas,Iosivas,5.994117737,17,4900,CIN@CLE,CIN,CLE,,,,,,WR/FLEX
119110-137516,WR,Parker,Parker Washington,Washington,6,14,4900,CAR@JAC,JAC,CAR,,,,,,WR/FLEX
119110-55042,TE,Dalton,Dalton Schultz,Schultz,5.436842266,19,4900,HOU@LAR,HOU,LAR,,,,,,TE/FLEX
119110-57091,WR,Tim,Tim Patrick,Patrick,4.912499905,16,4900,DET@GB,DET,GB,,,,,,WR/FLEX
119110-90933,RB,Antonio,Antonio Gibson,Gibson,5.405882443,17,4900,LV@NE,NE,LV,,,,,,RB/FLEX
119110-53097,WR,Josh,Josh Reynolds,Reynolds,3.987499952,8,4900,PIT@NYJ,NYJ,PIT,,,,,,WR/FLEX
119110-110457,WR,Dontayvion,Dontayvion Wicks,Wicks,5.327777863,18,4900,DET@GB,GB,DET,Q,Calf,,,,WR/FLEX
119110-56265,TE,Mike,Mike Gesicki,Gesicki,7,16,4900,CIN@CLE,CIN,CLE,Q,Hamstring,,,,TE/FLEX
119110-103376,RB,Zach,Zach Charbonnet,Charbonnet,9.935293759,17,4900,SF@SEA,SEA,SF,,,,,,RB/FLEX
119110-71705,TE,Noah,Noah Fant,Fant,5.333333333,15,4800,CIN@CLE,CIN,CLE,,,,,,TE/FLEX
119110-103511,WR,Devaughn,Devaughn Vele,Vele,6.142857143,14,4800,ARI@NO,NO,ARI,,,,,,WR/FLEX
119110-68712,WR,Tyler,Tyler Johnson,Johnson,4.372727134,11,4800,PIT@NYJ,NYJ,PIT,,,,,,WR/FLEX
119110-168054,TE,Mason,Mason Taylor,Taylor,,0,4800,PIT@NYJ,NYJ,PIT,,,,,,TE/FLEX
119110-12531,D,Denver,Denver Broncos,Broncos,10.11111111,18,4800,TEN@DEN,DEN,TEN,,,,,,DEF
119110-93538,WR,Dyami,Dyami Brown,Brown,4.794444614,18,4800,CAR@JAC,JAC,CAR,,,,,,WR/FLEX
119110-38264,WR,Demarcus,Demarcus Robinson,Robinson,6.299999839,19,4800,SF@SEA,SF,SEA,IR,Suspension,,,,WR/FLEX
119110-66008,WR,Diontae,Diontae Johnson,Johnson,6.441666921,12,4800,CIN@CLE,CLE,CIN,,,,,,WR/FLEX
119110-114198,WR,Xavier,Xavier Legette,Legette,6.706666565,15,4800,CAR@JAC,CAR,JAC,,,,,,WR/FLEX
119110-89644,RB,Isaac,Isaac Guerendo,Guerendo,5.779999797,15,4800,SF@SEA,SF,SEA,,,,,,RB/FLEX
119110-25267,WR,Mack,Mack Hollins,Hollins,5.378947208,19,4800,LV@NE,NE,LV,,,,,,WR/FLEX
119110-70422,WR,Kalif,Kalif Raymond,Raymond,4.092307751,13,4800,DET@GB,DET,GB,,,,,,WR/FLEX
119110-92976,WR,Tutu,Tutu Atwell,Atwell,5.012499809,16,4800,HOU@LAR,LAR,HOU,,,,,,WR/FLEX
119110-29501,WR,Brandin,Brandin Cooks,Cooks,5.659999847,10,4800,ARI@NO,NO,ARI,,,,,,WR/FLEX
119110-120657,RB,Kendre,Kendre Miller,Miller,4.433333397,6,4800,ARI@NO,NO,ARI,,,,,,RB/FLEX
119110-27477,WR,Sterling,Sterling Shepard,Shepard,4.946154081,13,4800,TB@ATL,TB,ATL,,,,,,WR/FLEX
119110-64389,WR,Nick,Nick Westbrook-Ikhine,Westbrook-Ikhine,9.438461304,13,4800,MIA@IND,MIA,IND,,,,,,WR/FLEX
119110-119697,RB,MarShawn,MarShawn Lloyd,Lloyd,2.299999952,1,4800,DET@GB,GB,DET,Q,Hamstring,,,,RB/FLEX
119110-70603,RB,Devin,Devin Singletary,Singletary,5.739999898,15,4800,NYG@WAS,NYG,WAS,,,,,,RB/FLEX
119110-29685,WR,Robert,Robert Woods,Woods,2.1,15,4800,PIT@NYJ,PIT,NYJ,,,,,,WR/FLEX
119110-152647,RB,TreVeyon,TreVeyon Henderson,Henderson,,0,4700,LV@NE,NE,LV,,,,,,RB/FLEX
119110-151789,WR,Adonai,Adonai Mitchell,Mitchell,2.485882254,17,4700,MIA@IND,IND,MIA,,,,,,WR/FLEX
119110-111876,WR,DeMario,DeMario Douglas,Douglas,7.168749809,16,4700,LV@NE,NE,LV,,,,,,WR/FLEX
119110-12552,D,Washington,Washington Commanders,Commanders,5.5,20,4700,NYG@WAS,WAS,NYG,,,,,,DEF
119110-64808,TE,Juwan,Juwan Johnson,Johnson,6.520000203,15,4700,ARI@NO,NO,ARI,,,,,,TE/FLEX
119110-63819,WR,Darius,Darius Slayton,Slayton,6.433333333,15,4700,NYG@WAS,NYG,WAS,,,,,,WR/FLEX
119110-93539,RB,Michael,Michael Carter,Carter,10.09999975,3,4700,ARI@NO,ARI,NO,,,,,,RB/FLEX
119110-87432,WR,Cedric,Cedric Tillman,Tillman,7.322222392,9,4700,CIN@CLE,CLE,CIN,Q,Thumb,,,,WR/FLEX
119110-25011,TE,Darren,Darren Waller,Waller,7.266666412,12,4700,MIA@IND,MIA,IND,,,,,,TE/FLEX
119110-157150,RB,Audric,Audric Estime,Estime,3.553846213,13,4700,TEN@DEN,DEN,TEN,,,,,,RB/FLEX
119110-62055,WR,Ray-Ray,Ray-Ray McCloud III,McCloud III,6.441176471,17,4700,TB@ATL,ATL,TB,,,,,,WR/FLEX
119110-172699,TE,Harold,Harold Fannin Jr.,Fannin Jr.,,0,4700,CIN@CLE,CLE,CIN,,,,,,TE/FLEX
119110-40647,WR,Marquez,Marquez Valdes-Scantling,Valdes-Scantling,6,13,4700,SF@SEA,SEA,SF,,,,,,WR/FLEX
119110-137967,RB,Blake,Blake Corum,Corum,2.142857143,14,4700,HOU@LAR,LAR,HOU,,,,,,RB/FLEX
119110-119653,WR,Kayshon,Kayshon Boutte,Boutte,6.893333435,15,4700,LV@NE,NE,LV,,,,,,WR/FLEX
119110-183240,RB,Cam,Cam Skattebo,Skattebo,,0,4700,NYG@WAS,NYG,WAS,,,,,,RB/FLEX
119110-103547,WR,Luke,Luke McCaffrey,McCaffrey,1.719999949,15,4600,NYG@WAS,WAS,NYG,,,,,,WR/FLEX
119110-52451,RB,Samaje,Samaje Perine,Perine,3.520000076,20,4600,CIN@CLE,CIN,CLE,,,,,,RB/FLEX
119110-12547,D,Pittsburgh,Pittsburgh Steelers,Steelers,8.111111111,18,4600,PIT@NYJ,PIT,NYJ,,,,,,DEF
119110-154971,RB,Devin,Devin Neal,Neal,,0,4600,ARI@NO,NO,ARI,Q,Hamstring,,,,RB/FLEX
119110-151903,WR,Troy,Troy Franklin,Franklin,3.852941176,17,4600,TEN@DEN,DEN,TEN,,,,,,WR/FLEX
119110-174486,RB,Dylan,Dylan Sampson,Sampson,,0,4600,CIN@CLE,CLE,CIN,,,,,,RB/FLEX
119110-185861,RB,Emanuel,Emanuel Wilson,Wilson,5.216666751,18,4600,DET@GB,GB,DET,,,,,,RB/FLEX
119110-128810,TE,Theo,Theo Johnson,Johnson,5.359999847,10,4600,NYG@WAS,NYG,WAS,,,,,,TE/FLEX
119110-160620,RB,Bhayshul,Bhayshul Tuten,Tuten,,0,4600,CAR@JAC,JAC,CAR,,,,,,RB/FLEX
119110-86055,RB,Dameon,Dameon Pierce,Pierce,4,12,4500,HOU@LAR,HOU,LAR,,,,,,RB/FLEX
119110-64581,WR,Van,Van Jefferson,Jefferson,3.893749952,16,4500,TEN@DEN,TEN,DEN,,,,,,WR/FLEX
119110-105648,RB,Tyler,Tyler Goodson,Goodson,3.241666794,12,4500,MIA@IND,IND,MIA,Q,Elbow,,,,RB/FLEX
119110-40126,TE,Austin,Austin Hooper,Hooper,5.064705793,17,4500,LV@NE,NE,LV,,,,,,TE/FLEX
119110-12528,D,Cincinnati,Cincinnati Bengals,Bengals,6.117647059,17,4500,CIN@CLE,CIN,CLE,,,,,,DEF
119110-158983,TE,Ja'Tavion,Ja'Tavion Sanders,Sanders,3.780000051,15,4500,CAR@JAC,CAR,JAC,,,,,,TE/FLEX
119110-69956,WR,Michael,Michael Gallup,Gallup,4.947058734,17,4500,NYG@WAS,WAS,NYG,,,,,,WR/FLEX
119110-80289,WR,Kendrick,Kendrick Bourne,Bourne,4.258333206,12,4500,LV@NE,NE,LV,Q,Lower leg,,,,WR/FLEX
119110-56809,WR,Allen,Allen Lazard,Lazard,9.208333333,12,4500,PIT@NYJ,NYJ,PIT,Q,Shoulder,,,,WR/FLEX
119110-160306,RB,Pierre,Pierre Strong Jr.,Strong Jr.,2.350000064,12,4500,CIN@CLE,CLE,CIN,,,,,,RB/FLEX
119110-147051,RB,Jaleel,Jaleel McLaughlin,McLaughlin,5.029411765,17,4500,TEN@DEN,DEN,TEN,,,,,,RB/FLEX
119110-52917,WR,DJ,DJ Chark,Chark,2.520000076,5,4500,TB@ATL,ATL,TB,,,,,,WR/FLEX
119110-152258,TE,Elijah,Elijah Arroyo,Arroyo,,0,4500,SF@SEA,SEA,SF,,,,,,TE/FLEX
119110-110274,WR,Bub,Bub Means,Means,5.574999809,4,4500,ARI@NO,NO,ARI,IR,Lower leg,,,,WR/FLEX
119110-72412,RB,Khalil,Khalil Herbert,Herbert,2.208333333,12,4500,MIA@IND,IND,MIA,Q,Undisclosed,,,,RB/FLEX
119110-138998,TE,Michael,Michael Mayer,Mayer,2.372727307,11,4500,LV@NE,LV,NE,,,,,,TE/FLEX
119110-103195,WR,Jordan,Jordan Whittington,Whittington,2.880000051,15,4500,HOU@LAR,LAR,HOU,,,,,,WR/FLEX
119110-114469,WR,Tyrone,Tyrone Broden,Broden,,0,4500,SF@SEA,SEA,SF,,,,,,WR/FLEX
119110-201547,WR,Jalen,Jalen Coker,Coker,6.629999797,12,4500,CAR@JAC,CAR,JAC,,,,,,WR/FLEX
119110-139094,WR,Jalin,Jalin Hyatt,Hyatt,0.92727271,11,4500,NYG@WAS,NYG,WAS,,,,,,WR/FLEX
119110-72627,RB,Patrick,Patrick Taylor Jr.,Taylor Jr.,6.259999847,5,4500,SF@SEA,SF,SEA,IR,Shoulder,,,,RB/FLEX
119110-69558,WR,Greg,Greg Dortch,Dortch,4.223529591,17,4500,ARI@NO,ARI,NO,,,,,,WR/FLEX
119110-128986,WR,Jaylin,Jaylin Lane,Lane,,0,4500,NYG@WAS,WAS,NYG,,,,,,WR/FLEX
119110-104424,RB,Craig,Craig Reynolds,Reynolds,2.424999952,8,4500,DET@GB,DET,GB,,,,,,RB/FLEX
119110-151741,WR,Jack,Jack Bech,Bech,,0,4400,LV@NE,LV,NE,,,,,,WR/FLEX
119110-90307,TE,Daniel,Daniel Bellinger,Bellinger,2.4375,8,4400,NYG@WAS,NYG,WAS,,,,,,TE/FLEX
119110-170184,RB,Julius,Julius Chestnut,Chestnut,1.230000019,10,4400,TEN@DEN,TEN,DEN,,,,,,RB/FLEX
119110-12549,D,San Francisco,San Francisco 49ers,49ers,5,17,4400,SF@SEA,SF,SEA,,,,,,DEF
119110-133478,WR,Arian,Arian Smith,Smith,,0,4400,PIT@NYJ,NYJ,PIT,,,,,,WR/FLEX
119110-151909,WR,Dont'e,Dont'e Thornton Jr.,Thornton Jr.,,0,4400,LV@NE,LV,NE,,,,,,WR/FLEX
119110-71031,WR,Lil'Jordan,Lil'Jordan Humphrey,Humphrey,3.485714231,14,4400,NYG@WAS,NYG,WAS,,,,,,WR/FLEX
119110-110974,WR,Malik,Malik Washington,Washington,3.215384557,13,4400,MIA@IND,MIA,IND,,,,,,WR/FLEX
119110-155293,RB,DJ,DJ Giddens,Giddens,,0,4400,MIA@IND,IND,MIA,,,,,,RB/FLEX
119110-157438,WR,Jimmy,Jimmy Horn Jr.,Horn Jr.,,0,4400,CAR@JAC,CAR,JAC,,,,,,WR/FLEX
119110-90912,RB,Kenneth,Kenneth Gainwell,Gainwell,2.995238168,21,4400,PIT@NYJ,PIT,NYJ,,,,,,RB/FLEX
119110-137059,RB,Sean,Sean Tucker,Tucker,4.799999782,14,4400,TB@ATL,TB,ATL,,,,,,RB/FLEX
119110-69581,WR,Cedrick,Cedrick Wilson Jr.,Wilson Jr.,3.630908966,11,4400,ARI@NO,NO,ARI,,,,,,WR/FLEX
119110-91101,TE,Tommy,Tommy Tremble,Tremble,4.490000153,10,4400,CAR@JAC,CAR,JAC,Q,Back,,,,TE/FLEX
119110-119788,WR,Xavier,Xavier Hutchinson,Hutchinson,1.694117602,17,4400,HOU@LAR,HOU,LAR,,,,,,WR/FLEX
119110-87127,RB,Chris,Chris Rodriguez Jr.,Rodriguez Jr.,5.166666667,6,4300,NYG@WAS,WAS,NYG,,,,,,RB/FLEX
119110-129112,WR,Chimere,Chimere Dike,Dike,,0,4300,TEN@DEN,TEN,DEN,,,,,,WR/FLEX
119110-183488,WR,Isaac,Isaac TeSlaa,TeSlaa,,0,4300,DET@GB,DET,GB,,,,,,WR/FLEX
119110-166112,RB,Ollie,Ollie Gordon II,Gordon II,,0,4300,MIA@IND,MIA,IND,,,,,,RB/FLEX
119110-12539,D,Miami,Miami Dolphins,Dolphins,4.941176471,17,4300,MIA@IND,MIA,IND,,,,,,DEF
119110-60712,TE,Foster,Foster Moreau,Moreau,5.820000203,15,4300,ARI@NO,NO,ARI,NA,Knee,,,,TE/FLEX
119110-103966,TE,Stone,Stone Smartt,Smartt,3.82857132,7,4300,PIT@NYJ,NYJ,PIT,,,,,,TE/FLEX
119110-152103,RB,Jaylen,Jaylen Wright,Wright,1.938461597,13,4300,MIA@IND,MIA,IND,Q,Undisclosed,,,,RB/FLEX
119110-57986,WR,Hunter,Hunter Renfrow,Renfrow,2.769230769,13,4300,CAR@JAC,CAR,JAC,,,,,,WR/FLEX
119110-110230,RB,Kenny,Kenny McIntosh,McIntosh,2.32222218,9,4300,SF@SEA,SEA,SF,IR,Knee - acl,,,,RB/FLEX
119110-71352,WR,Mecole,Mecole Hardman,Hardman,2.092307751,13,4300,DET@GB,GB,DET,,,,,,WR/FLEX
119110-61273,WR,Scotty,Scotty Miller,Miller,1.879999924,5,4300,PIT@NYJ,PIT,NYJ,,,,,,WR/FLEX
119110-137122,RB,Tahj,Tahj Brooks,Brooks,,0,4300,CIN@CLE,CIN,CLE,,,,,,RB/FLEX
119110-91055,WR,Kevin,Kevin Austin Jr.,Austin Jr.,2.6875,8,4300,ARI@NO,NO,ARI,,,,,,WR/FLEX
119110-111637,TE,Cade,Cade Stover,Stover,2.257142884,14,4200,HOU@LAR,HOU,LAR,,,,,,TE/FLEX
119110-79987,WR,David,David Moore,Moore,4.935714177,14,4200,CAR@JAC,CAR,JAC,,,,,,WR/FLEX
119110-83083,WR,Justin,Justin Watson,Watson,3.288235384,17,4200,HOU@LAR,HOU,LAR,,,,,,WR/FLEX
119110-95370,TE,Ryan,Ryan Miller,Miller,3.849999905,8,4200,TB@ATL,TB,ATL,,,,,,TE/FLEX
119110-28827,RB,Dare,Dare Ogunbowale,Ogunbowale,2.688888974,18,4200,HOU@LAR,HOU,LAR,,,,,,RB/FLEX
119110-83117,TE,Tanner,Tanner Hudson,Hudson,3.222222222,9,4200,CIN@CLE,CIN,CLE,,,,,,TE/FLEX
119110-83138,TE,Ross,Ross Dwelley,Dwelley,1,1,4200,SF@SEA,SF,SEA,,,,,,TE/FLEX
119110-93391,TE,Payne,Payne Durham,Durham,5.8,5,4200,TB@ATL,TB,ATL,,,,,,TE/FLEX
119110-166106,RB,Damien,Damien Martinez,Martinez,,0,4200,SF@SEA,SEA,SF,,,,,,RB/FLEX
119110-12546,D,Arizona,Arizona Cardinals,Cardinals,5.941176471,17,4200,ARI@NO,ARI,NO,,,,,,DEF
119110-85306,WR,KhaDarel,KhaDarel Hodge,Hodge,4.520000076,5,4200,TB@ATL,ATL,TB,,,,,,WR/FLEX
119110-56648,RB,Jeremy,Jeremy McNichols,McNichols,3.776470409,17,4200,NYG@WAS,WAS,NYG,,,,,,RB/FLEX
119110-41305,WR,Zay,Zay Jones,Jones,1.771428517,7,4200,ARI@NO,ARI,NO,,,,,,WR/FLEX
119110-133477,TE,Darnell,Darnell Washington,Washington,2.635714395,14,4200,PIT@NYJ,PIT,NYJ,,,,,,TE/FLEX
119110-151915,TE,Terrance,Terrance Ferguson,Ferguson,,0,4200,HOU@LAR,LAR,HOU,,,,,,TE/FLEX
119110-133484,WR,Jermaine,Jermaine Burton,Burton,1.587499976,8,4200,CIN@CLE,CIN,CLE,Q,Undisclosed,,,,WR/FLEX
119110-56711,TE,Drew,Drew Sample,Sample,2.409090909,11,4200,CIN@CLE,CIN,CLE,Q,Undisclosed,,,,TE/FLEX
119110-64905,WR,Trenton,Trenton Irwin,Irwin,0.5,6,4200,CAR@JAC,JAC,CAR,,,,,,WR/FLEX
119110-113096,WR,Xavier,Xavier Smith,Smith,0.324999988,16,4200,HOU@LAR,LAR,HOU,,,,,,WR/FLEX
119110-160213,RB,Isaiah,Isaiah Davis,Davis,3.450000127,12,4200,PIT@NYJ,NYJ,PIT,Q,Ankle,,,,RB/FLEX
119110-73176,TE,Luke,Luke Farrell,Farrell,1.269999981,10,4200,SF@SEA,SF,SEA,,,,,,TE/FLEX
119110-89588,TE,Colby,Colby Parkinson,Parkinson,3.564705793,17,4200,HOU@LAR,LAR,HOU,,,,,,TE/FLEX
119110-102902,WR,Trey,Trey Palmer,Palmer,2.08571434,14,4200,TB@ATL,TB,ATL,Q,Hamstring,,,,WR/FLEX
119110-129560,WR,Xavier,Xavier Restrepo,Restrepo,,0,4200,TEN@DEN,TEN,DEN,,,,,,WR/FLEX
119110-113228,TE,Luke,Luke Musgrave,Musgrave,1.142857143,7,4200,DET@GB,GB,DET,,,,,,TE/FLEX
119110-172646,RB,Trevor,Trevor Etienne,Etienne,,0,4200,CAR@JAC,CAR,JAC,,,,,,RB/FLEX
119110-147049,TE,Drew,Drew Ogletree,Ogletree,1.945454511,11,4200,MIA@IND,IND,MIA,,,,,,TE/FLEX
119110-104054,RB,Sincere,Sincere McCormick,McCormick,6.050000191,4,4200,LV@NE,LV,NE,,,,,,RB/FLEX
119110-71351,TE,Charlie,Charlie Woerner,Woerner,1.012500048,8,4200,TB@ATL,ATL,TB,,,,,,TE/FLEX
119110-137953,TE,AJ,AJ Barner,Barner,4.535714286,14,4200,SF@SEA,SEA,SF,,,,,,TE/FLEX
119110-120642,WR,Savion,Savion Williams,Williams,,0,4200,DET@GB,GB,DET,Q,Hamstring,,,,WR/FLEX
119110-94087,RB,DeeJay,DeeJay Dallas,Dallas,1.5,13,4200,ARI@NO,ARI,NO,,,,,,RB/FLEX
119110-89997,WR,Michael,Michael Woods II,Woods II,2,5,4200,CIN@CLE,CLE,CIN,Q,Hand,,,,WR/FLEX
119110-94094,TE,Brevin,Brevin Jordan,Jordan,0.850000024,2,4200,HOU@LAR,HOU,LAR,IR,Knee,,,,TE/FLEX
119110-91046,TE,Brock,Brock Wright,Wright,2.85,10,4200,DET@GB,DET,GB,,,,,,TE/FLEX
119110-156596,RB,Jarquez,Jarquez Hunter,Hunter,,0,4200,HOU@LAR,LAR,HOU,,,,,,RB/FLEX
119110-93150,WR,Jake,Jake Bobo,Bobo,2.109090978,11,4200,SF@SEA,SEA,SF,,,,,,WR/FLEX
119110-72705,TE,John,John Bates,Bates,1.153846154,13,4100,NYG@WAS,WAS,NYG,,,,,,TE/FLEX
119110-86075,TE,Lucas,Lucas Krull,Krull,2.116666635,12,4100,TEN@DEN,DEN,TEN,,,,,,TE/FLEX
119110-174148,RB,Carlos,Carlos Washington Jr.,Washington Jr.,,0,4100,TB@ATL,ATL,TB,Q,Hamstring,,,,RB/FLEX
119110-79979,WR,Jamal,Jamal Agnew,Agnew,3.027272658,11,4100,TB@ATL,ATL,TB,Q,Oblique,,,,WR/FLEX
119110-68714,TE,Ko,Ko Kieft,Kieft,0,1,4100,TB@ATL,TB,ATL,,,,,,TE/FLEX
119110-112780,WR,Jamari,Jamari Thrash,Thrash,0.528571435,7,4100,CIN@CLE,CLE,CIN,,,,,,WR/FLEX
119110-53390,WR,Zach,Zach Pascal,Pascal,0,1,4100,NYG@WAS,NYG,WAS,,,,,,WR/FLEX
119110-89230,RB,Cam,Cam Akers,Akers,5.29999991,17,4100,ARI@NO,NO,ARI,,,,,,RB/FLEX
119110-130270,TE,Adam,Adam Trautman,Trautman,2.714285714,14,4100,TEN@DEN,DEN,TEN,,,,,,TE/FLEX
119110-86255,TE,Josh,Josh Whyle,Whyle,3.119999949,15,4100,TEN@DEN,TEN,DEN,,,,,,TE/FLEX
119110-12551,D,Tampa Bay,Tampa Bay Buccaneers,Buccaneers,5.833333333,18,4100,TB@ATL,TB,ATL,,,,,,DEF
119110-91488,RB,Chris,Chris Brooks,Brooks,3.21666654,12,4100,DET@GB,GB,DET,,,,,,RB/FLEX
119110-56698,WR,Dante,Dante Pettis,Pettis,3.25,8,4100,ARI@NO,NO,ARI,,,,,,WR/FLEX
119110-114054,WR,Dalen,Dalen Cambre,Cambre,,0,4100,NYG@WAS,NYG,WAS,,,,,,WR/FLEX
119110-102831,TE,Davis,Davis Allen,Allen,2.099999973,7,4100,HOU@LAR,LAR,HOU,,,,,,TE/FLEX
119110-92590,RB,Raheem,Raheem Blackshear,Blackshear,0.533333333,15,4100,CAR@JAC,CAR,JAC,Q,Ankle,,,,RB/FLEX
119110-40371,TE,Johnny,Johnny Mundt,Mundt,2.821428571,14,4100,CAR@JAC,JAC,CAR,,,,,,TE/FLEX
119110-71105,WR,Ben,Ben Skowronek,Skowronek,1.879999924,5,4100,PIT@NYJ,PIT,NYJ,,,,,,WR/FLEX
119110-185850,TE,Julian,Julian Hill,Hill,1.454545455,11,4100,MIA@IND,MIA,IND,,,,,,TE/FLEX
119110-39428,RB,Kyle,Kyle Juszczyk,Juszczyk,3.435714177,14,4100,SF@SEA,SF,SEA,,,,,,RB/FLEX
119110-102922,WR,Ramel,Ramel Keyton,Keyton,0.400000016,3,4100,TEN@DEN,TEN,DEN,,,,,,WR/FLEX
119110-102986,TE,Elijah,Elijah Higgins,Higgins,2.800000054,14,4100,ARI@NO,ARI,NO,,,,,,TE/FLEX
119110-87634,TE,Blake,Blake Whiteheart,Whiteheart,2.014285769,7,4100,CIN@CLE,CLE,CIN,,,,,,TE/FLEX
119110-88685,WR,Austin,Austin Trammell,Trammell,3,1,4100,CAR@JAC,JAC,CAR,,,,,,WR/FLEX
119110-142042,RB,Trey,Trey Benson,Benson,3.666666667,12,4100,ARI@NO,ARI,NO,,,,,,RB/FLEX
119110-29411,TE,Pharaoh,Pharaoh Brown,Brown,1.0625,8,4100,MIA@IND,MIA,IND,,,,,,TE/FLEX
119110-56059,WR,Trent,Trent Sherfield Sr.,Sherfield Sr.,2.010000038,10,4100,TEN@DEN,DEN,TEN,,,,,,WR/FLEX
119110-86778,TE,Devin,Devin Culp,Culp,3.76666673,3,4100,TB@ATL,TB,ATL,,,,,,TE/FLEX
119110-87815,TE,Jeremy,Jeremy Ruckert,Ruckert,1.5,13,4100,PIT@NYJ,NYJ,PIT,,,,,,TE/FLEX
119110-112455,WR,Xavier,Xavier Gipson,Gipson,0.759999975,15,4100,PIT@NYJ,NYJ,PIT,Q,Shoulder,,,,WR/FLEX
119110-24533,TE,Mo,Mo Alie-Cox,Alie-Cox,2.053846213,13,4100,MIA@IND,IND,MIA,,,,,,TE/FLEX
119110-70661,WR,Velus,Velus Jones Jr.,Jones Jr.,0.200000003,2,4000,ARI@NO,NO,ARI,,,,,,WR/FLEX
119110-92166,WR,Marcus,Marcus Jones,Jones,0.199999997,14,4000,LV@NE,NE,LV,,,,,,WR/FLEX
119110-90123,TE,Quintin,Quintin Morris,Morris,2.420000076,5,4000,CAR@JAC,JAC,CAR,,,,,,TE/FLEX
119110-96269,RB,Owen,Owen Wright,Wright,0,1,4000,TB@ATL,TB,ATL,,,,,,RB/FLEX
119110-226319,WR,Junior,Junior Bergen,Bergen,,0,4000,SF@SEA,SF,SEA,,,,,,WR/FLEX
119110-156684,RB,Kye,Kye Robichaux,Robichaux,,0,4000,DET@GB,DET,GB,IR,Undisclosed,,,,RB/FLEX
119110-72725,TE,Irv,Irv Smith Jr.,Smith Jr.,0.699999988,1,4000,HOU@LAR,HOU,LAR,,,,,,TE/FLEX
119110-200725,WR,Dymere,Dymere Miller,Miller,,0,4000,PIT@NYJ,NYJ,PIT,,,,,,WR/FLEX
119110-110617,WR,Isaiah,Isaiah Neyor,Neyor,,0,4000,DET@GB,GB,DET,,,,,,WR/FLEX
119110-110616,TE,Treyton,Treyton Welch,Welch,,0,4000,ARI@NO,NO,ARI,,,,,,TE/FLEX
119110-154661,WR,Michael,Michael Bandy,Bandy,,0,4000,TEN@DEN,DEN,TEN,,,,,,WR/FLEX
119110-88109,RB,Gary,Gary Brightwell,Brightwell,0,1,4000,CIN@CLE,CIN,CLE,,,,,,RB/FLEX
119110-137265,TE,Ben,Ben Sinnott,Sinnott,2.350000064,6,4000,NYG@WAS,WAS,NYG,,,,,,TE/FLEX
119110-152628,TE,Thomas,Thomas Fidone II,Fidone II,,0,4000,NYG@WAS,NYG,WAS,,,,,,TE/FLEX
119110-129081,RB,Ahmani,Ahmani Marshall,Marshall,,0,4000,CIN@CLE,CLE,CIN,,,,,,RB/FLEX
119110-87109,WR,Bryce,Bryce Oliver,Oliver,2.083333333,6,4000,TEN@DEN,TEN,DEN,,,,,,WR/FLEX
119110-165962,TE,Nikola,Nikola Kalinic,Kalinic,,0,4000,TB@ATL,ATL,TB,,,,,,TE/FLEX
119110-112715,WR,Joshua,Joshua Cephus,Cephus,,0,4000,CAR@JAC,JAC,CAR,IR,Undisclosed,,,,WR/FLEX
119110-170056,WR,Dee,Dee Williams,Williams,-0.5,12,4000,NYG@WAS,NYG,WAS,,,,,,WR/FLEX
119110-87117,TE,Brenden,Brenden Bates,Bates,0,1,4000,CIN@CLE,CLE,CIN,,,,,,TE/FLEX
119110-112717,TE,Oscar,Oscar Cardenas,Cardenas,,0,4000,ARI@NO,ARI,NO,,,,,,TE/FLEX
119110-103506,TE,Nick,Nick Kallerup,Kallerup,,0,4000,SF@SEA,SEA,SF,,,,,,TE/FLEX
119110-112731,RB,Kay'Ron,Kay'Ron Lynch-Adams,Lynch-Adams,,0,4000,CAR@JAC,CAR,JAC,,,,,,RB/FLEX
119110-146527,WR,Kisean,Kisean Johnson,Johnson,,0,4000,CIN@CLE,CLE,CIN,,,,,,WR/FLEX
119110-86113,WR,Ihmir,Ihmir Smith-Marsette,Smith-Marsette,0.4,15,4000,NYG@WAS,NYG,WAS,,,,,,WR/FLEX
119110-89185,TE,Ben,Ben Sims,Sims,1.239999962,5,4000,DET@GB,GB,DET,,,,,,TE/FLEX
119110-114787,RB,Terrell,Terrell Jennings,Jennings,1.649999976,2,4000,LV@NE,NE,LV,,,,,,RB/FLEX
119110-68708,TE,Seth,Seth Green,Green,,0,4000,ARI@NO,NO,ARI,,,,,,TE/FLEX
119110-169067,TE,Bryce,Bryce Pierre,Pierre,,0,4000,CAR@JAC,CAR,JAC,,,,,,TE/FLEX
119110-86125,WR,Brandon,Brandon Smith,Smith,,0,4000,PIT@NYJ,NYJ,PIT,,,,,,WR/FLEX
119110-79980,TE,Eric,Eric Saubert,Saubert,2.650000095,8,4000,SF@SEA,SEA,SF,,,,,,TE/FLEX
119110-61555,WR,David,David Sills V,Sills V,,0,4000,TB@ATL,ATL,TB,,,,,,WR/FLEX
119110-46200,TE,Daniel,Daniel Brunskill,Brunskill,0,1,4000,MIA@IND,MIA,IND,,,,,,TE/FLEX
119110-64634,WR,Alex,Alex Bachman,Bachman,4.599999905,1,4000,LV@NE,LV,NE,,,,,,WR/FLEX
119110-129147,WR,John,John Saunders Jr.,Saunders Jr.,,0,4000,MIA@IND,MIA,IND,,,,,,WR/FLEX
119110-68730,TE,Sean,Sean McKeon,McKeon,0,4,4000,MIA@IND,IND,MIA,,,,,,TE/FLEX
119110-104577,WR,Gunner,Gunner Olszewski,Olszewski,0.25,10,4000,NYG@WAS,NYG,WAS,,,,,,WR/FLEX
119110-155781,WR,Jacolby,Jacolby George,George,,0,4000,CAR@JAC,CAR,JAC,,,,,,WR/FLEX
119110-94345,TE,Cole,Cole Turner,Turner,2.1875,8,4000,NYG@WAS,WAS,NYG,,,,,,TE/FLEX
119110-168076,RB,Sione,Sione Vaki,Vaki,1.319999981,5,4000,DET@GB,DET,GB,,,,,,RB/FLEX
119110-152717,WR,Beaux,Beaux Collins,Collins,,0,4000,NYG@WAS,NYG,WAS,,,,,,WR/FLEX
119110-143509,TE,Caleb,Caleb Lohner,Lohner,,0,4000,TEN@DEN,DEN,TEN,,,,,,TE/FLEX
119110-54426,TE,Andrew,Andrew Beck,Beck,0,2,4000,PIT@NYJ,NYJ,PIT,,,,,,TE/FLEX
119110-63646,TE,Lawrence,Lawrence Cager,Cager,2.320000076,5,4000,NYG@WAS,WAS,NYG,,,,,,TE/FLEX
119110-86178,TE,Dominique,Dominique Dafney,Dafney,,0,4000,CAR@JAC,CAR,JAC,,,,,,TE/FLEX
119110-62628,WR,DeAndre,DeAndre Carter,Carter,0.808333317,12,4000,CIN@CLE,CLE,CIN,,,,,,WR/FLEX
119110-92331,TE,Johnny,Johnny Lumpkin,Lumpkin,,0,4000,DET@GB,GB,DET,,,,,,TE/FLEX
119110-151726,TE,Robbie,Robbie Ouzts,Ouzts,,0,4000,SF@SEA,SEA,SF,,,,,,TE/FLEX
119110-201903,WR,Coleman,Coleman Owen,Owen,,0,4000,MIA@IND,IND,MIA,,,,,,WR/FLEX
119110-153779,WR,Jordan,Jordan Bly,Bly,,0,4000,NYG@WAS,NYG,WAS,,,,,,WR/FLEX
119110-89270,WR,Ontaria,Ontaria Wilson,Wilson,,0,4000,PIT@NYJ,NYJ,PIT,,,,,,WR/FLEX
119110-52409,RB,Jakob,Jakob Johnson,Johnson,0.566666683,3,4000,HOU@LAR,HOU,LAR,,,,,,RB/FLEX
119110-86203,WR,Justin,Justin Shorter,Shorter,0,1,4000,LV@NE,LV,NE,,,,,,WR/FLEX
119110-151740,RB,Corey,Corey Kiner,Kiner,,0,4000,SF@SEA,SF,SEA,IR,Ankle,,,,RB/FLEX
119110-131266,RB,Lan,Lan Larison,Larison,,0,4000,LV@NE,NE,LV,IR,Foot,,,,RB/FLEX
119110-129219,RB,Israel,Israel Abanikanda,Abanikanda,1.828571456,7,4000,DET@GB,GB,DET,,,,,,RB/FLEX
119110-94409,RB,Toa,Toa Taua,Taua,,0,4000,CIN@CLE,CLE,CIN,,,,,,RB/FLEX
119110-200907,WR,Jamoi,Jamoi Mayes,Mayes,,0,4000,CIN@CLE,CIN,CLE,,,,,,WR/FLEX
119110-149710,WR,Mike,Mike Strachan,Strachan,2.5,2,4000,NYG@WAS,WAS,NYG,,,,,,WR/FLEX
119110-69836,WR,Collin,Collin Johnson,Johnson,0.366666675,3,4000,LV@NE,LV,NE,,,,,,WR/FLEX
119110-166095,RB,Cody,Cody Schrader,Schrader,0.466666659,3,4000,HOU@LAR,LAR,HOU,,,,,,RB/FLEX
119110-170188,TE,Tanner,Tanner Conner,Conner,1.549999952,2,4000,MIA@IND,MIA,IND,,,,,,TE/FLEX
119110-104661,TE,Patrick,Patrick Herbert,Herbert,,0,4000,CAR@JAC,JAC,CAR,,,,,,TE/FLEX
119110-135382,RB,Jalen,Jalen White,White,,0,4000,DET@GB,GB,DET,Q,Foot,,,,RB/FLEX
119110-25813,WR,Phillip,Phillip Dorsett II,Dorsett II,0,2,4000,LV@NE,LV,NE,,,,,,WR/FLEX
119110-226526,RB,Marcus,Marcus Yarns,Yarns,,0,4000,ARI@NO,NO,ARI,,,,,,RB/FLEX
119110-95455,WR,D.J.,D.J. Montgomery,Montgomery,6.550000191,2,4000,MIA@IND,IND,MIA,IR,Undisclosed,,,,WR/FLEX
119110-226525,WR,Chandler,Chandler Brayboy,Brayboy,,0,4000,CAR@JAC,JAC,CAR,,,,,,WR/FLEX
119110-86238,TE,Zack,Zack Kuntz,Kuntz,,0,4000,PIT@NYJ,NYJ,PIT,,,,,,TE/FLEX
119110-120035,TE,Mark,Mark Redman,Redman,,0,4000,HOU@LAR,LAR,HOU,,,,,,TE/FLEX
119110-170208,WR,Kaden,Kaden Davis,Davis,0,1,4000,CIN@CLE,CLE,CIN,,,,,,WR/FLEX
119110-169185,WR,Jamaal,Jamaal Pritchett,Pritchett,,0,4000,PIT@NYJ,NYJ,PIT,,,,,,WR/FLEX
119110-170214,WR,Dennis,Dennis Houston,Houston,,0,4000,TB@ATL,TB,ATL,Q,Groin,,,,WR/FLEX
119110-63717,RB,Alec,Alec Ingold,Ingold,2.079999924,10,4000,MIA@IND,MIA,IND,,,,,,RB/FLEX
119110-130276,WR,Mason,Mason Kinsey,Kinsey,0.54000001,5,4000,TEN@DEN,TEN,DEN,,,,,,WR/FLEX
119110-90353,WR,Jesse,Jesse Matthews,Matthews,,0,4000,TB@ATL,ATL,TB,,,,,,WR/FLEX
119110-110834,WR,Tahj,Tahj Washington,Washington,,0,4000,MIA@IND,MIA,IND,,,,,,WR/FLEX
119110-12532,D,Detroit,Detroit Lions,Lions,6.611111111,18,4000,DET@GB,DET,GB,,,,,,DEF
119110-151799,WR,Jackson,Jackson Meeks,Meeks,,0,4000,DET@GB,DET,GB,,,,,,WR/FLEX
119110-61693,TE,Danny,Danny Pinter,Pinter,0,1,4000,MIA@IND,IND,MIA,,,,,,TE/FLEX
119110-71935,WR,Kendric,Kendric Pryor,Pryor,1.399999976,1,4000,CIN@CLE,CIN,CLE,,,,,,WR/FLEX
119110-151811,WR,Ketron,Ketron Jackson Jr.,Jackson Jr.,,0,4000,LV@NE,LV,NE,,,,,,WR/FLEX
119110-91401,WR,Ronnie,Ronnie Bell,Bell,0.64000001,5,4000,DET@GB,DET,GB,,,,,,WR/FLEX
119110-129291,WR,Tank,Tank Dell,Dell,8.392857143,14,4000,HOU@LAR,HOU,LAR,NA,Knee - acl + mcl,,,,WR/FLEX
119110-52495,WR,Braxton,Braxton Berrios,Berrios,0,6,4000,HOU@LAR,HOU,LAR,,,,,,WR/FLEX
119110-174355,WR,Jeremiah,Jeremiah Webb,Webb,,0,4000,LV@NE,NE,LV,,,,,,WR/FLEX
119110-110868,RB,Josh,Josh Williams,Williams,,0,4000,TB@ATL,TB,ATL,,,,,,RB/FLEX
119110-33047,WR,Chris,Chris Moore,Moore,3.819999949,15,4000,NYG@WAS,WAS,NYG,,,,,,WR/FLEX
119110-129304,TE,John,John Copenhaver,Copenhaver,,0,4000,CAR@JAC,JAC,CAR,,,,,,TE/FLEX
119110-137507,TE,DJ,DJ Thomas-Jones,Thomas-Jones,,0,4000,PIT@NYJ,PIT,NYJ,,,,,,TE/FLEX
119110-91426,WR,Donovan,Donovan Peoples-Jones,Peoples-Jones,1.375,16,4000,ARI@NO,NO,ARI,,,,,,WR/FLEX
119110-91428,WR,Tarik,Tarik Black,Black,,0,4000,MIA@IND,MIA,IND,,,,,,WR/FLEX
119110-92479,TE,David,David Martin-Robinson,Martin-Robinson,0.275000006,4,4000,TEN@DEN,TEN,DEN,,,,,,TE/FLEX
119110-156997,WR,Tru,Tru Edwards,Edwards,,0,4000,HOU@LAR,LAR,HOU,,,,,,WR/FLEX
119110-91467,TE,Jake,Jake Tonges,Tonges,0,1,4000,SF@SEA,SF,SEA,,,,,,TE/FLEX
119110-149832,TE,Shane,Shane Zylstra,Zylstra,1.350000024,2,4000,DET@GB,DET,GB,,,,,,TE/FLEX
119110-202060,TE,Pat,Pat Conroy,Conroy,,0,4000,LV@NE,LV,NE,,,,,,TE/FLEX
119110-55635,WR,Chris,Chris Godwin,Godwin,16.97142901,7,4000,TB@ATL,TB,ATL,NA,Ankle,,,,WR/FLEX
119110-159061,WR,Dorian,Dorian Singer,Singer,,0,4000,CAR@JAC,JAC,CAR,,,,,,WR/FLEX
119110-136538,WR,Kyle,Kyle Williams,Williams,,0,4000,LV@NE,NE,LV,Q,Undisclosed,,,,WR/FLEX
119110-90458,RB,Troy,Troy Hairston,Hairston,,0,4000,CIN@CLE,CLE,CIN,,,,,,RB/FLEX
119110-137567,TE,Jalin,Jalin Conyers,Conyers,,0,4000,MIA@IND,MIA,IND,IR,Leg,,,,TE/FLEX
119110-63839,TE,Tyler,Tyler Mabry,Mabry,0,1,4000,CAR@JAC,CAR,JAC,IR,Undisclosed,,,,TE/FLEX
119110-93540,RB,British,British Brooks,Brooks,0.200000003,1,4000,HOU@LAR,HOU,LAR,,,,,,RB/FLEX
119110-151914,TE,Moliki,Moliki Matavao,Matavao,,0,4000,ARI@NO,NO,ARI,,,,,,TE/FLEX
119110-63851,TE,Tyree,Tyree Jackson,Jackson,,0,4000,NYG@WAS,WAS,NYG,IR,Undisclosed,,,,TE/FLEX
119110-110954,RB,Jordan,Jordan Waters,Waters,,0,4000,HOU@LAR,LAR,HOU,,,,,,RB/FLEX
119110-63855,WR,K.J.,K.J. Osborn,Osborn,2.171428544,7,4000,NYG@WAS,WAS,NYG,,,,,,WR/FLEX
119110-90483,TE,Bernhard,Bernhard Raimann,Raimann,0,1,4000,MIA@IND,IND,MIA,,,,,,TE/FLEX
119110-94579,RB,Emari,Emari Demercado,Demercado,3.592307751,13,4000,ARI@NO,ARI,NO,,,,,,RB/FLEX
119110-151920,TE,Jermaine,Jermaine Terry II,Terry II,,0,4000,NYG@WAS,NYG,WAS,,,,,,TE/FLEX
119110-89463,TE,Anthony,Anthony Torres,Torres,,0,4000,HOU@LAR,LAR,HOU,Q,Ankle,,,,TE/FLEX
119110-110978,RB,Evan,Evan Hull,Hull,1.200000048,1,4000,PIT@NYJ,PIT,NYJ,,,,,,RB/FLEX
119110-90501,WR,Julian,Julian Hicks,Hicks,,0,4000,DET@GB,GB,DET,,,,,,WR/FLEX
119110-114053,TE,Neal,Neal Johnson,Johnson,,0,4000,PIT@NYJ,NYJ,PIT,,,,,,TE/FLEX
119110-88463,WR,Johnny,Johnny Johnson III,Johnson III,,0,4000,HOU@LAR,HOU,LAR,Q,Arm,,,,WR/FLEX
119110-183693,WR,Da'Quan,Da'Quan Felton,Felton,,0,4000,NYG@WAS,NYG,WAS,,,,,,WR/FLEX
119110-154000,WR,Konata,Konata Mumpfield,Mumpfield,,0,4000,HOU@LAR,LAR,HOU,,,,,,WR/FLEX
119110-43416,WR,Trent,Trent Taylor,Taylor,1.600000024,1,4000,SF@SEA,SF,SEA,IR,Undisclosed,,,,WR/FLEX
119110-70043,TE,Cole,Cole Fotheringham,Fotheringham,1.100000024,1,4000,LV@NE,NE,LV,,,,,,TE/FLEX
119110-185753,WR,T.J.,T.J. Luther,Luther,,0,4000,CAR@JAC,CAR,JAC,,,,,,WR/FLEX
119110-92573,TE,Travis,Travis Vokolek,Vokolek,0,1,4000,ARI@NO,ARI,NO,,,,,,TE/FLEX
119110-114079,TE,Hayden,Hayden Rucci,Rucci,,0,4000,MIA@IND,MIA,IND,,,,,,TE/FLEX
119110-93600,WR,Bryce,Bryce Ford-Wheaton,Ford-Wheaton,0,1,4000,NYG@WAS,NYG,WAS,IR,Achilles,,,,WR/FLEX
119110-112037,WR,Casey,Casey Washington,Washington,0.949999988,2,4000,TB@ATL,ATL,TB,,,,,,WR/FLEX
119110-103844,WR,Nick,Nick Nash,Nash,,0,4000,TB@ATL,ATL,TB,,,,,,WR/FLEX
119110-60838,WR,Andre,Andre Baccellia,Baccellia,0,2,4000,ARI@NO,ARI,NO,,,,,,WR/FLEX
119110-112041,WR,Isaiah,Isaiah Williams,Williams,0.228571432,7,4000,CIN@CLE,CIN,CLE,,,,,,WR/FLEX
119110-87469,TE,Jelani,Jelani Woods,Woods,,0,4000,MIA@IND,IND,MIA,,,,,,TE/FLEX
119110-111022,WR,Terique,Terique Owens,Owens,,0,4000,SF@SEA,SF,SEA,,,,,,WR/FLEX
119110-133558,WR,Luke,Luke Floriea,Floriea,,0,4000,CIN@CLE,CLE,CIN,Q,Hamstring,,,,WR/FLEX
119110-91578,RB,Zamir,Zamir White,White,2.922222137,9,4000,LV@NE,LV,NE,,,,,,RB/FLEX
119110-117178,RB,Jacory,Jacory Croskey-Merritt,Croskey-Merritt,,0,4000,NYG@WAS,WAS,NYG,,,,,,RB/FLEX
119110-129466,TE,Gee,Gee Scott Jr.,Scott Jr.,,0,4000,LV@NE,NE,LV,,,,,,TE/FLEX
119110-133564,TE,Marshall,Marshall Lang,Lang,,0,4000,SF@SEA,SEA,SF,,,,,,TE/FLEX
119110-92606,WR,Bo,Bo Melton,Melton,1.584615414,13,4000,DET@GB,GB,DET,,,,,,WR/FLEX
119110-152007,WR,Jaylin,Jaylin Noel,Noel,,0,4000,HOU@LAR,HOU,LAR,,,,,,WR/FLEX
119110-206276,WR,Jaden,Jaden Smith,Smith,,0,4000,TB@ATL,TB,ATL,,,,,,WR/FLEX
119110-26057,RB,Michael,Michael Burton,Burton,2.20909084,11,4000,TEN@DEN,DEN,TEN,Q,Hamstring,,,,RB/FLEX
119110-136649,WR,Sam,Sam Brown Jr.,Brown Jr.,,0,4000,DET@GB,GB,DET,Q,Ankle,,,,WR/FLEX
119110-173518,WR,Qadir,Qadir Ismail,Ismail,,0,4000,LV@NE,LV,NE,,,,,,WR/FLEX
119110-54746,TE,Tyler,Tyler Ott,Ott,0,1,4000,NYG@WAS,WAS,NYG,,,,,,TE/FLEX
119110-155096,WR,Quincy,Quincy Skinner Jr.,Skinner Jr.,,0,4000,TB@ATL,ATL,TB,,,,,,WR/FLEX
119110-91612,WR,Matt,Matt Landers,Landers,,0,4000,TEN@DEN,TEN,DEN,,,,,,WR/FLEX
119110-133599,RB,Emani,Emani Bailey,Bailey,,0,4000,CAR@JAC,CAR,JAC,,,,,,RB/FLEX
119110-134627,RB,Lawrance,Lawrance Toafili,Toafili,,0,4000,PIT@NYJ,NYJ,PIT,,,,,,RB/FLEX
119110-185827,RB,Jacob,Jacob Saylors,Saylors,,0,4000,DET@GB,DET,GB,,,,,,RB/FLEX
119110-91618,TE,John,John FitzPatrick,FitzPatrick,0.699999988,1,4000,DET@GB,GB,DET,,,,,,TE/FLEX
119110-102882,WR,Anthony,Anthony Gould,Gould,0.349999994,8,4000,MIA@IND,IND,MIA,,,,,,WR/FLEX
119110-14820,RB,Nick,Nick Bellore,Bellore,0,1,4000,NYG@WAS,WAS,NYG,,,,,,RB/FLEX
119110-112101,WR,Jared,Jared Wayne,Wayne,0,1,4000,HOU@LAR,HOU,LAR,,,,,,WR/FLEX
119110-72182,WR,Dee,Dee Eskridge,Eskridge,0.983333349,6,4000,MIA@IND,MIA,IND,,,,,,WR/FLEX
119110-138746,WR,Javon,Javon Baker,Baker,0.283333341,6,4000,LV@NE,NE,LV,,,,,,WR/FLEX
119110-156152,WR,Tejhaun,Tejhaun Palmer,Palmer,,0,4000,ARI@NO,ARI,NO,,,,,,WR/FLEX
119110-114180,WR,David,David Bell,Bell,4.199999809,1,4000,CIN@CLE,CLE,CIN,O,Hip,,,,WR/FLEX
119110-113160,WR,Jakobie,Jakobie Keeney-James,Keeney-James,,0,4000,DET@GB,DET,GB,,,,,,WR/FLEX
119110-89613,WR,Simi,Simi Fehoko,Fehoko,2.720000076,5,4000,ARI@NO,ARI,NO,,,,,,WR/FLEX
119110-114189,WR,TJ,TJ Sheffield,Sheffield,,0,4000,TEN@DEN,TEN,DEN,,,,,,WR/FLEX
119110-201230,RB,Dylan,Dylan Laube,Laube,-0.333333333,6,4000,LV@NE,LV,NE,,,,,,RB/FLEX
119110-86543,WR,Erik,Erik Ezukanma,Ezukanma,0,1,4000,MIA@IND,MIA,IND,,,,,,WR/FLEX
119110-154124,TE,Mitchell,Mitchell Evans,Evans,,0,4000,CAR@JAC,CAR,JAC,,,,,,TE/FLEX
119110-102928,RB,Eric,Eric Gray,Gray,0.878571442,14,4000,NYG@WAS,NYG,WAS,NA,Undisclosed,,,,RB/FLEX
119110-62994,WR,Steven,Steven Sims,Sims,0.033333334,12,4000,SF@SEA,SEA,SF,Q,Hamstring,,,,WR/FLEX
119110-138774,RB,Woody,Woody Marks,Marks,,0,4000,HOU@LAR,HOU,LAR,,,,,,RB/FLEX
119110-170518,WR,Darius,Darius Lassiter,Lassiter,,0,4000,CAR@JAC,JAC,CAR,,,,,,WR/FLEX
119110-185878,RB,Elijah,Elijah Dotson,Dotson,0.966666698,3,4000,TB@ATL,ATL,TB,,,,,,RB/FLEX
119110-128535,TE,Maximilian,Maximilian Mang,Mang,,0,4000,MIA@IND,IND,MIA,,,,,,TE/FLEX
119110-89627,WR,Brycen,Brycen Tremayne,Tremayne,0.300000012,1,4000,CAR@JAC,CAR,JAC,,,,,,WR/FLEX
119110-160287,RB,Amar,Amar Johnson,Johnson,,0,4000,DET@GB,GB,DET,,,,,,RB/FLEX
119110-73247,RB,Kene,Kene Nwangwu,Nwangwu,6,1,4000,PIT@NYJ,NYJ,PIT,,,,,,RB/FLEX
119110-138786,WR,Malik,Malik Heath,Heath,4.450000127,6,4000,DET@GB,GB,DET,,,,,,WR/FLEX
119110-226851,RB,Rushawn,Rushawn Baker,Baker,,0,4000,NYG@WAS,NYG,WAS,Q,Knee,,,,RB/FLEX
119110-185889,TE,Tanner,Tanner Taula,Taula,,0,4000,TB@ATL,TB,ATL,,,,,,TE/FLEX
119110-226856,TE,JJ,JJ Galbreath,Galbreath,,0,4000,PIT@NYJ,PIT,NYJ,,,,,,TE/FLEX
119110-152111,WR,Mario,Mario Williams,Williams,,0,4000,HOU@LAR,LAR,HOU,Q,Undisclosed,,,,WR/FLEX
119110-201260,WR,Mason,Mason Tipton,Tipton,1.877777735,9,4000,ARI@NO,NO,ARI,,,,,,WR/FLEX
119110-226867,WR,Blayne,Blayne Taylor,Taylor,,0,4000,MIA@IND,IND,MIA,,,,,,WR/FLEX
119110-114224,WR,Kyrese,Kyrese Rowan,Rowan,,0,4000,TEN@DEN,DEN,TEN,,,,,,WR/FLEX
119110-226866,WR,Joaquin,Joaquin Davis,Davis,,0,4000,TEN@DEN,DEN,TEN,,,,,,WR/FLEX
119110-60981,TE,Charlie,Charlie Heck,Heck,,0,4000,TB@ATL,TB,ATL,,,,,,TE/FLEX
119110-114231,RB,George,George Holani,Holani,0.699999988,2,4000,SF@SEA,SEA,SF,,,,,,RB/FLEX
119110-226869,WR,Tyler,Tyler Kahmann,Kahmann,,0,4000,MIA@IND,IND,MIA,,,,,,WR/FLEX
119110-173626,TE,Nate,Nate Adkins,Adkins,2.807692308,13,4000,TEN@DEN,DEN,TEN,O,Ankle,,,,TE/FLEX
119110-226875,WR,Ja'seem,Ja'seem Reed,Reed,,0,4000,CAR@JAC,CAR,JAC,,,,,,WR/FLEX
119110-173631,RB,Dante,Dante Miller,Miller,,0,4000,NYG@WAS,NYG,WAS,,,,,,RB/FLEX
119110-226878,TE,Carter,Carter Runyon,Runyon,,0,4000,LV@NE,LV,NE,,,,,,TE/FLEX
119110-152128,WR,Dominic,Dominic Lovett,Lovett,,0,4000,DET@GB,DET,GB,,,,,,WR/FLEX
119110-87621,WR,A.T.,A.T. Perry,Perry,6.066666497,9,4000,TEN@DEN,DEN,TEN,,,,,,WR/FLEX
119110-71241,WR,Brandon,Brandon Johnson,Johnson,1.399999976,1,4000,PIT@NYJ,PIT,NYJ,Q,Foot,,,,WR/FLEX
119110-104012,WR,Ashton,Ashton Dulin,Dulin,1.51666673,12,4000,MIA@IND,IND,MIA,,,,,,WR/FLEX
119110-114252,WR,Xavier,Xavier Weaver,Weaver,0,3,4000,ARI@NO,ARI,NO,,,,,,WR/FLEX
119110-71246,WR,Marquez,Marquez Callaway,Callaway,,0,4000,LV@NE,LV,NE,,,,,,WR/FLEX
119110-104019,TE,Matt,Matt Orzech,Orzech,0,2,4000,DET@GB,GB,DET,,,,,,TE/FLEX
119110-86612,TE,Brayden,Brayden Willis,Willis,0,2,4000,SF@SEA,SF,SEA,,,,,,TE/FLEX
119110-152148,TE,Gunnar,Gunnar Helm,Helm,,0,4000,TEN@DEN,TEN,DEN,,,,,,TE/FLEX
119110-18009,TE,Chris,Chris Manhertz,Manhertz,1.75,6,4000,NYG@WAS,NYG,WAS,,,,,,TE/FLEX
119110-27229,RB,Ameer,Ameer Abdullah,Abdullah,7.728571211,14,4000,SF@SEA,SF,SEA,Q,Ribs,,,,RB/FLEX
119110-152159,WR,Bryson,Bryson Green,Green,,0,4000,ARI@NO,ARI,NO,,,,,,WR/FLEX
119110-138854,WR,Ke'Shawn,Ke'Shawn Williams,Williams,,0,4000,PIT@NYJ,PIT,NYJ,,,,,,WR/FLEX
119110-87657,WR,Seth,Seth Williams,Williams,,0,4000,LV@NE,LV,NE,Q,Undisclosed,,,,WR/FLEX
119110-129641,WR,Will,Will Sheppard,Sheppard,,0,4000,DET@GB,GB,DET,,,,,,WR/FLEX
119110-66155,TE,Michael,Michael Jacobson,Jacobson,,0,4000,ARI@NO,NO,ARI,,,,,,TE/FLEX
119110-129643,RB,D.K.,D.K. Kaufman,Kaufman,,0,4000,SF@SEA,SEA,SF,,,,,,RB/FLEX
119110-131694,TE,Luke,Luke Lachey,Lachey,,0,4000,HOU@LAR,HOU,LAR,,,,,,TE/FLEX
119110-206447,RB,Max,Max Hurleman,Hurleman,,0,4000,PIT@NYJ,PIT,NYJ,,,,,,RB/FLEX
119110-95854,WR,Montrell,Montrell Washington,Washington,0,2,4000,NYG@WAS,NYG,WAS,,,,,,WR/FLEX
119110-128624,WR,Tez,Tez Johnson,Johnson,,0,4000,TB@ATL,TB,ATL,,,,,,WR/FLEX
119110-87668,WR,Shedrick,Shedrick Jackson,Jackson,0,2,4000,LV@NE,LV,NE,,,,,,WR/FLEX
119110-86646,RB,Trey,Trey Sermon,Sermon,2.862499952,16,4000,PIT@NYJ,PIT,NYJ,,,,,,RB/FLEX
119110-201342,RB,Chris,Chris Collier,Collier,0.216666659,6,4000,LV@NE,LV,NE,,,,,,RB/FLEX
119110-135812,WR,Quentin,Quentin Skinner,Skinner,,0,4000,PIT@NYJ,NYJ,PIT,,,,,,WR/FLEX
119110-70282,WR,Demetric,Demetric Felton,Felton,,0,4000,NYG@WAS,WAS,NYG,,,,,,WR/FLEX
119110-87690,TE,Sal,Sal Cannella,Cannella,,0,4000,CIN@CLE,CLE,CIN,,,,,,TE/FLEX
119110-167561,WR,Juice,Juice Wells Jr.,Wells Jr.,,0,4000,NYG@WAS,NYG,WAS,,,,,,WR/FLEX
119110-86671,WR,Drake,Drake Stoops,Stoops,,0,4000,HOU@LAR,LAR,HOU,IR,Suspension,,,,WR/FLEX
119110-94864,RB,Jashaun,Jashaun Corbin,Corbin,1.399999976,2,4000,TB@ATL,ATL,TB,,,,,,RB/FLEX
119110-64147,WR,Britain,Britain Covey,Covey,1.380000019,5,4000,HOU@LAR,LAR,HOU,,,,,,WR/FLEX
119110-93845,WR,Tay,Tay Martin,Martin,11.39999962,1,4000,NYG@WAS,WAS,NYG,,,,,,WR/FLEX
119110-136857,RB,Ja'Quinden,Ja'Quinden Jackson,Jackson,,0,4000,CAR@JAC,JAC,CAR,,,,,,RB/FLEX
119110-136860,WR,Moochie,Moochie Dixon,Dixon,,0,4000,ARI@NO,NO,ARI,,,,,,WR/FLEX
119110-137889,WR,Brennan,Brennan Presley,Presley,,0,4000,HOU@LAR,LAR,HOU,,,,,,WR/FLEX
119110-86692,TE,Thomas,Thomas Odukoya,Odukoya,,0,4000,TEN@DEN,TEN,DEN,,,,,,TE/FLEX
119110-94887,RB,Tyler,Tyler Badie,Badie,2.174999952,4,4000,TEN@DEN,DEN,TEN,,,,,,RB/FLEX
119110-167588,WR,Jacoby,Jacoby Jones,Jones,,0,4000,NYG@WAS,WAS,NYG,,,,,,WR/FLEX
119110-137893,WR,Rashod,Rashod Owens,Owens,,0,4000,CIN@CLE,CIN,CLE,,,,,,WR/FLEX
119110-128681,TE,Caden,Caden Prieskorn,Prieskorn,,0,4000,TEN@DEN,DEN,TEN,,,,,,TE/FLEX
119110-94888,TE,Messiah,Messiah Swinson,Swinson,,0,4000,DET@GB,GB,DET,,,,,,TE/FLEX
119110-114344,TE,Brent,Brent Matiscik,Matiscik,,0,4000,CIN@CLE,CLE,CIN,,,,,,TE/FLEX
119110-103083,WR,Theo,Theo Wease Jr.,Wease Jr.,,0,4000,MIA@IND,MIA,IND,,,,,,WR/FLEX
119110-152232,WR,Jordan,Jordan Moore,Moore,,0,4000,CIN@CLE,CIN,CLE,,,,,,WR/FLEX
119110-88752,WR,Charlie,Charlie Jones,Jones,0.714285714,7,4000,CIN@CLE,CIN,CLE,,,,,,WR/FLEX
119110-110259,WR,Treylon,Treylon Burks,Burks,1.1,5,4000,TEN@DEN,TEN,DEN,IR,Collarbone,,,,WR/FLEX
119110-72370,RB,J.J.,J.J. Taylor,Taylor,1.800000032,3,4000,HOU@LAR,HOU,LAR,,,,,,RB/FLEX
119110-52916,WR,Russell,Russell Gage Jr.,Gage Jr.,,0,4000,SF@SEA,SF,SEA,Q,Knee - mcl,,,,WR/FLEX
119110-104117,TE,Joshua,Joshua Simon,Simon,,0,4000,TB@ATL,ATL,TB,,,,,,TE/FLEX
119110-69302,TE,Feleipe,Feleipe Franks,Franks,0.425000012,4,4000,TB@ATL,ATL,TB,,,,,,TE/FLEX
119110-134837,WR,Tory,Tory Horton,Horton,,0,4000,SF@SEA,SEA,SF,Q,Ankle,,,,WR/FLEX
119110-61112,TE,Josiah,Josiah Deguara,Deguara,0.966666698,3,4000,ARI@NO,ARI,NO,,,,,,TE/FLEX
119110-128697,WR,Kobe,Kobe Hudson,Hudson,,0,4000,CAR@JAC,CAR,JAC,,,,,,WR/FLEX
119110-135866,WR,Montana,Montana Lemonious-Craig,Lemonious-Craig,,0,4000,PIT@NYJ,PIT,NYJ,Q,Lower body,,,,WR/FLEX
119110-111300,RB,Jacardia,Jacardia Wright,Wright,,0,4000,SF@SEA,SEA,SF,,,,,,RB/FLEX
119110-193226,TE,Mason,Mason Pline,Pline,,0,4000,ARI@NO,NO,ARI,IR,Upper body,,,,TE/FLEX
119110-160463,TE,Tanner,Tanner McLachlan,McLachlan,,0,4000,CIN@CLE,CIN,CLE,,,,,,TE/FLEX
119110-114382,WR,Cade,Cade McDonald,McDonald,,0,4000,CIN@CLE,CLE,CIN,,,,,,WR/FLEX
119110-63186,WR,James,James Proche II,Proche II,0.17777778,9,4000,TEN@DEN,TEN,DEN,,,,,,WR/FLEX
119110-92882,TE,Connor,Connor Heyward,Heyward,1.857142857,7,4000,PIT@NYJ,PIT,NYJ,,,,,,TE/FLEX
119110-110290,WR,Winston,Winston Wright Jr.,Wright Jr.,,0,4000,CIN@CLE,CLE,CIN,,,,,,WR/FLEX
119110-86747,WR,Dylan,Dylan Drummond,Drummond,,0,4000,TB@ATL,ATL,TB,,,,,,WR/FLEX
119110-92890,WR,Cody,Cody White,White,2.700000048,2,4000,SF@SEA,SEA,SF,,,,,,WR/FLEX
119110-111325,RB,Ulysses,Ulysses Bentley IV,Bentley IV,,0,4000,MIA@IND,IND,MIA,,,,,,RB/FLEX
119110-147168,WR,Chris,Chris Blair,Blair,1.100000024,2,4000,TB@ATL,ATL,TB,,,,,,WR/FLEX
119110-104165,RB,Lew,Lew Nichols,Nichols,0,1,4000,PIT@NYJ,PIT,NYJ,,,,,,RB/FLEX
119110-86762,TE,Jack,Jack Westover,Westover,0,1,4000,LV@NE,NE,LV,,,,,,TE/FLEX
119110-85741,RB,Clyde,Clyde Edwards-Helaire,Edwards-Helaire,2.833333333,3,4000,ARI@NO,NO,ARI,,,,,,RB/FLEX
119110-137966,WR,A.J.,A.J. Henning,Henning,,0,4000,MIA@IND,MIA,IND,Q,Undisclosed,,,,WR/FLEX
119110-61172,TE,Tyler,Tyler Davis,Davis,,0,4000,LV@NE,NE,LV,,,,,,TE/FLEX
119110-131835,WR,Efton,Efton Chism III,Chism III,,0,4000,LV@NE,NE,LV,Q,Foot,,,,WR/FLEX
119110-152315,WR,J.J.,J.J. Jones,Jones,,0,4000,CAR@JAC,JAC,CAR,,,,,,WR/FLEX
119110-208634,WR,Tommy,Tommy Mellott,Mellott,,0,4000,LV@NE,LV,NE,,,,,,WR/FLEX
119110-128765,RB,Nathan,Nathan Carter,Carter,,0,4000,TB@ATL,ATL,TB,,,,,,RB/FLEX
119110-86780,RB,Salvon,Salvon Ahmed,Ahmed,4.985714504,7,4000,MIA@IND,IND,MIA,IR,Ankle,,,,RB/FLEX
119110-91902,WR,Kyle,Kyle Philips,Philips,0,1,4000,LV@NE,LV,NE,,,,,,WR/FLEX
119110-139005,WR,Chris,Chris Tyree,Tyree,,0,4000,ARI@NO,NO,ARI,Q,Undisclosed,,,,WR/FLEX
119110-137990,TE,Tip,Tip Reiman,Reiman,1.116666635,6,4000,ARI@NO,ARI,NO,,,,,,TE/FLEX
119110-156426,RB,Brock,Brock Lampe,Lampe,,0,4000,LV@NE,NE,LV,IR,Undisclosed,,,,RB/FLEX
119110-91912,WR,Chase,Chase Cota,Cota,,0,4000,CIN@CLE,CLE,CIN,,,,,,WR/FLEX
119110-86800,TE,Colson,Colson Yankoff,Yankoff,,0,4000,NYG@WAS,WAS,NYG,,,,,,TE/FLEX
119110-91923,WR,Kazmeir,Kazmeir Allen,Allen,,0,4000,NYG@WAS,WAS,NYG,,,,,,WR/FLEX
119110-107286,WR,Jha'Quan,Jha'Quan Jackson,Jackson,-0.266666671,12,4000,TEN@DEN,TEN,DEN,,,,,,WR/FLEX
119110-144154,WR,Daniel,Daniel Jackson,Jackson,,0,4000,HOU@LAR,HOU,LAR,,,,,,WR/FLEX
119110-91931,TE,Greg,Greg Dulcich,Dulcich,1.325000048,4,4000,NYG@WAS,NYG,WAS,,,,,,TE/FLEX
119110-111386,WR,Jerjuan,Jerjuan Newton,Newton,,0,4000,TEN@DEN,DEN,TEN,,,,,,WR/FLEX
119110-87844,TE,Brady,Brady Russell,Russell,0,1,4000,SF@SEA,SEA,SF,,,,,,TE/FLEX
119110-85798,WR,Brandon,Brandon Aiyuk,Aiyuk,7.557143075,7,4000,SF@SEA,SF,SEA,NA,Knee - acl + mcl,,,,WR/FLEX
119110-72493,WR,Trishton,Trishton Jackson,Jackson,1.300000032,3,4000,ARI@NO,ARI,NO,IR,Thumb,,,,WR/FLEX
119110-138028,RB,Kalel,Kalel Mullings,Mullings,,0,4000,TEN@DEN,TEN,DEN,,,,,,RB/FLEX
119110-103214,WR,Eli,Eli Pancol,Pancol,,0,4000,CAR@JAC,JAC,CAR,,,,,,WR/FLEX
119110-138037,WR,Roman,Roman Wilson,Wilson,,0,4000,PIT@NYJ,PIT,NYJ,,,,,,WR/FLEX
119110-89912,RB,Blake,Blake Watson,Watson,2.799999952,1,4000,TEN@DEN,DEN,TEN,,,,,,RB/FLEX
119110-137017,TE,Drake,Drake Dabney,Dabney,,0,4000,TEN@DEN,TEN,DEN,,,,,,TE/FLEX
119110-201535,WR,Kameron,Kameron Johnson,Johnson,0.366666675,3,4000,TB@ATL,TB,ATL,Q,Undisclosed,,,,WR/FLEX
119110-172861,WR,Elic,Elic Ayomanor,Ayomanor,,0,4000,TEN@DEN,TEN,DEN,,,,,,WR/FLEX
119110-72515,TE,Ian,Ian Thomas,Thomas,0.733333349,3,4000,LV@NE,LV,NE,,,,,,TE/FLEX
119110-91971,RB,Ronnie,Ronnie Rivers,Rivers,2.075000048,8,4000,HOU@LAR,LAR,HOU,Q,Ribs,,,,RB/FLEX
119110-159559,WR,Roc,Roc Taylor,Taylor,,0,4000,PIT@NYJ,PIT,NYJ,,,,,,WR/FLEX
119110-158532,WR,Monaray,Monaray Baldwin,Baldwin,,0,4000,MIA@IND,MIA,IND,,,,,,WR/FLEX
119110-201546,TE,Kevin,Kevin Foelsch,Foelsch,,0,4000,PIT@NYJ,PIT,NYJ,,,,,,TE/FLEX
119110-69451,TE,Jack,Jack Stoll,Stoll,0.666666667,3,4000,ARI@NO,NO,ARI,,,,,,TE/FLEX
119110-58189,TE,Mitchell,Mitchell Fraboni,Fraboni,0,1,4000,TEN@DEN,DEN,TEN,,,,,,TE/FLEX
119110-41806,WR,Laquon,Laquon Treadwell,Treadwell,2.099999905,1,4000,MIA@IND,IND,MIA,,,,,,WR/FLEX
119110-201553,WR,John,John Jiles,Jiles,,0,4000,LV@NE,NE,LV,,,,,,WR/FLEX
119110-91989,RB,Jordan,Jordan Mims,Mims,2.871428626,7,4000,TEN@DEN,TEN,DEN,,,,,,RB/FLEX
119110-103252,RB,Zonovan,Zonovan Knight,Knight,1.299999952,2,4000,ARI@NO,ARI,NO,,,,,,RB/FLEX
119110-104278,TE,Donald,Donald Parham Jr.,Parham Jr.,5.5,12,4000,PIT@NYJ,PIT,NYJ,IR,Achilles,,,,TE/FLEX
119110-201561,WR,Cole,Cole Burgess,Burgess,,0,4000,CIN@CLE,CIN,CLE,,,,,,WR/FLEX
119110-136031,WR,Rakim,Rakim Jarrett,Jarrett,2.112499952,8,4000,TB@ATL,TB,ATL,,,,,,WR/FLEX
119110-93023,RB,Jermar,Jermar Jefferson,Jefferson,1.850000024,2,4000,TEN@DEN,TEN,DEN,,,,,,RB/FLEX
119110-154461,WR,Ja'Corey,Ja'Corey Brooks,Brooks,,0,4000,NYG@WAS,WAS,NYG,,,,,,WR/FLEX
119110-166749,RB,LeQuint,LeQuint Allen Jr.,Allen Jr.,,0,4000,CAR@JAC,JAC,CAR,,,,,,RB/FLEX
119110-201564,TE,Cam,Cam Grandy,Grandy,1.325000048,4,4000,CIN@CLE,CIN,CLE,,,,,,TE/FLEX
119110-104289,WR,Malik,Malik Taylor,Taylor,1.149999976,2,4000,DET@GB,DET,GB,,,,,,WR/FLEX
119110-93026,TE,Teagan,Teagan Quitoriano,Quitoriano,0,2,4000,TB@ATL,ATL,TB,,,,,,TE/FLEX
119110-114530,WR,Jacob,Jacob Cowing,Cowing,0.579999987,15,4000,SF@SEA,SF,SEA,Q,Hamstring,,,,WR/FLEX
119110-192358,TE,Shawn,Shawn Bowman,Bowman,,0,4000,CAR@JAC,JAC,CAR,,,,,,TE/FLEX
119110-139114,RB,Jabari,Jabari Small,Small,,0,4000,DET@GB,DET,GB,Q,Undisclosed,,,,RB/FLEX
119110-169834,WR,Dareke,Dareke Young,Young,0,2,4000,SF@SEA,SEA,SF,,,,,,WR/FLEX
119110-120684,WR,Garrett,Garrett Greene,Greene,,0,4000,TB@ATL,TB,ATL,,,,,,WR/FLEX
119110-166764,WR,Cam,Cam Camper,Camper,,0,4000,CAR@JAC,JAC,CAR,,,,,,WR/FLEX
119110-147315,WR,Jayden,Jayden Higgins,Higgins,,0,4000,HOU@LAR,HOU,LAR,,,,,,WR/FLEX
119110-120694,WR,Ja'Lynn,Ja'Lynn Polk,Polk,2.053846213,13,4000,LV@NE,NE,LV,D,Shoulder,,,,WR/FLEX
119110-119672,RB,Kendall,Kendall Milton,Milton,,0,4000,CIN@CLE,CIN,CLE,,,,,,RB/FLEX
119110-114557,WR,Cornelius,Cornelius Johnson,Johnson,,0,4000,DET@GB,GB,DET,,,,,,WR/FLEX
119110-134014,WR,Jordan,Jordan Watkins,Watkins,,0,4000,SF@SEA,SF,SEA,Q,Ankle,,,,WR/FLEX
119110-93055,WR,Isaiah,Isaiah Hodgins,Hodgins,1.100000024,2,4000,SF@SEA,SF,SEA,,,,,,WR/FLEX
119110-103302,WR,Courtney,Courtney Jackson,Jackson,,0,4000,TEN@DEN,DEN,TEN,,,,,,WR/FLEX
119110-103308,RB,Jawhar,Jawhar Jordan,Jordan,,0,4000,HOU@LAR,HOU,LAR,,,,,,RB/FLEX
119110-128913,WR,Malachi,Malachi Corley,Corley,0.74000001,5,4000,PIT@NYJ,NYJ,PIT,,,,,,WR/FLEX
119110-128912,WR,Mitchell,Mitchell Tinsley,Tinsley,0,1,4000,CIN@CLE,CIN,CLE,,,,,,WR/FLEX
119110-93075,TE,Hunter,Hunter Long,Long,1.255555577,9,4000,CAR@JAC,JAC,CAR,,,,,,TE/FLEX
119110-64403,WR,Irvin,Irvin Charles,Charles,0,1,4000,PIT@NYJ,NYJ,PIT,NA,Knee - acl,,,,WR/FLEX
119110-92056,TE,Cal,Cal Adomitis,Adomitis,0,2,4000,CIN@CLE,CIN,CLE,,,,,,TE/FLEX
119110-155551,WR,Pat,Pat Bryant,Bryant,,0,4000,TEN@DEN,DEN,TEN,,,,,,WR/FLEX
119110-114591,TE,William,William Wagner,Wagner,,0,4000,CIN@CLE,CIN,CLE,,,,,,TE/FLEX
119110-94116,TE,Will,Will Mallory,Mallory,0.612500012,8,4000,MIA@IND,IND,MIA,,,,,,TE/FLEX
119110-157609,WR,Gage,Gage Larvadain,Larvadain,,0,4000,CIN@CLE,CLE,CIN,,,,,,WR/FLEX
119110-167849,TE,Zach,Zach Horton,Horton,,0,4000,DET@GB,DET,GB,,,,,,TE/FLEX
119110-175021,RB,Jordan,Jordan James,James,,0,4000,SF@SEA,SF,SEA,Q,Finger,,,,RB/FLEX
119110-63419,WR,Andy,Andy Isabella,Isabella,0,2,4000,SF@SEA,SF,SEA,Q,Ankle,,,,WR/FLEX
119110-138169,TE,Jaheim,Jaheim Bell,Bell,0.75,4,4000,LV@NE,NE,LV,,,,,,TE/FLEX
119110-104388,WR,Tom,Tom Kennedy,Kennedy,0,3,4000,DET@GB,DET,GB,,,,,,WR/FLEX
119110-95184,WR,Xavier,Xavier Johnson,Johnson,,0,4000,HOU@LAR,HOU,LAR,IR,Hand,,,,WR/FLEX
119110-103378,TE,Erick,Erick All Jr.,All Jr.,3.224999905,8,4000,CIN@CLE,CIN,CLE,NA,Knee - acl,,,,TE/FLEX
119110-169937,WR,Lance,Lance McCutcheon,McCutcheon,,0,4000,PIT@NYJ,PIT,NYJ,,,,,,WR/FLEX
119110-73687,WR,Quez,Quez Watkins,Watkins,5.066666603,6,4000,ARI@NO,ARI,NO,Q,Undisclosed,,,,WR/FLEX
119110-72665,TE,Kenny,Kenny Yeboah,Yeboah,2.199999968,6,4000,DET@GB,DET,GB,IR,Undisclosed,,,,TE/FLEX
119110-184280,WR,Landon,Landon Parker,Parker,,0,4000,MIA@IND,IND,MIA,,,,,,WR/FLEX
119110-152540,TE,CJ,CJ Dippre,Dippre,,0,4000,LV@NE,NE,LV,,,,,,TE/FLEX
119110-85986,TE,James,James Mitchell,Mitchell,1.266666651,3,4000,CAR@JAC,CAR,JAC,,,,,,TE/FLEX
119110-128996,WR,Ajou,Ajou Ajou,Ajou,,0,4000,MIA@IND,IND,MIA,,,,,,WR/FLEX
119110-138220,WR,Montorie,Montorie Foster Jr.,Foster Jr.,,0,4000,SF@SEA,SEA,SF,Q,Hamstring,,,,WR/FLEX
119110-138221,WR,Ricky,Ricky White III,White III,,0,4000,SF@SEA,SEA,SF,,,,,,WR/FLEX
119110-184307,RB,Quali,Quali Conley,Conley,,0,4000,CIN@CLE,CIN,CLE,,,,,,RB/FLEX
119110-183290,WR,Andrew,Andrew Armstrong,Armstrong,,0,4000,MIA@IND,MIA,IND,,,,,,WR/FLEX
119110-152574,RB,Donovan,Donovan Edwards,Edwards,,0,4000,PIT@NYJ,NYJ,PIT,,,,,,RB/FLEX
119110-12541,D,New England,New England Patriots,Patriots,3.764705882,17,3900,LV@NE,NE,LV,,,,,,DEF
119110-12556,D,Houston,Houston Texans,Texans,8.947368421,19,3800,HOU@LAR,HOU,LAR,,,,,,DEF
119110-12538,D,Los Angeles,Los Angeles Rams,Rams,7.842105263,19,3700,HOU@LAR,LAR,HOU,,,,,,DEF
119110-12544,D,New York,New York Jets,Jets,5.588235294,17,3600,PIT@NYJ,NYJ,PIT,,,,,,DEF
119110-12533,D,Green Bay,Green Bay Packers,Packers,8.388888889,18,3500,DET@GB,GB,DET,,,,,,DEF
119110-12550,D,Seattle,Seattle Seahawks,Seahawks,8.058823529,17,3500,SF@SEA,SEA,SF,,,,,,DEF
119110-12525,D,Atlanta,Atlanta Falcons,Falcons,5.705882353,17,3400,TB@ATL,ATL,TB,,,,,,DEF
119110-12554,D,Jacksonville,Jacksonville Jaguars,Jaguars,4.176470588,17,3400,CAR@JAC,JAC,CAR,,,,,,DEF
119110-12535,D,Indianapolis,Indianapolis Colts,Colts,5.352941176,17,3300,MIA@IND,IND,MIA,,,,,,DEF
119110-12534,D,Tennessee,Tennessee Titans,Titans,4.352941176,17,3200,TEN@DEN,TEN,DEN,,,,,,DEF
119110-12537,D,Las Vegas,Las Vegas Raiders,Raiders,4.176470588,17,3200,LV@NE,LV,NE,,,,,,DEF
119110-12542,D,New Orleans,New Orleans Saints,Saints,5.764705882,17,3100,ARI@NO,NO,ARI,,,,,,DEF
119110-12553,D,Carolina,Carolina Panthers,Panthers,2.411764706,17,3100,CAR@JAC,CAR,JAC,,,,,,DEF
119110-12529,D,Cleveland,Cleveland Browns,Browns,4.882352941,17,3000,CIN@CLE,CLE,CIN,,,,,,DEF
119110-12543,D,New York,New York Giants,Giants,5.411764706,17,3000,NYG@WAS,NYG,WAS,,,,,,DEF
